{"mean":{"confidence_interval":{"confidence_level":0.95,"lower_bound":391186.20374687965,"upper_bound":398577.7332166012},"point_estimate":394831.017511032,"standard_error":1885.13472866693},"median":{"confidence_interval":{"confidence_level":0.95,"lower_bound":386501.77192982455,"upper_bound":396844.92681159417},"point_estimate":391735.8693181818,"standard_error":2836.688793681986},"median_abs_dev":{"confidence_interval":{"confidence_level":0.95,"lower_bound":15050.394963109835,"upper_bound":25143.313956326514},"point_estimate":19198.814198667063,"standard_error":2462.5505124843257},"slope":{"confidence_interval":{"confidence_level":0.95,"lower_bound":390251.1640885587,"upper_bound":399976.1085818349},"point_estimate":395028.3873809172,"standard_error":2488.6675481127263},"std_dev":{"confidence_interval":{"confidence_level":0.95,"lower_bound":16501.507767447165,"upper_bound":21060.381597069318},"point_estimate":18957.64527716244,"standard_error":1164.860438482986}}