{"mean":{"confidence_interval":{"confidence_level":0.95,"lower_bound":0.011545417316031453,"upper_bound":0.0136351748501784},"point_estimate":0.012593370354276434,"standard_error":0.0005285084043549215},"median":{"confidence_interval":{"confidence_level":0.95,"lower_bound":0.010717644111439828,"upper_bound":0.013673554550875267},"point_estimate":0.012068708958853813,"standard_error":0.0007859759422210985}}