{"mean":{"confidence_interval":{"confidence_level":0.95,"lower_bound":-0.05275706122981433,"upper_bound":-0.03344385684258988},"point_estimate":-0.04314755479425425,"standard_error":0.0049206618646635576},"median":{"confidence_interval":{"confidence_level":0.95,"lower_bound":-0.05624937539119901,"upper_bound":-0.013627700886899796},"point_estimate":-0.03885774479819193,"standard_error":0.010548351562075398}}