{"mean":{"confidence_interval":{"confidence_level":0.95,"lower_bound":0.2249652747024915,"upper_bound":0.25217538974710446},"point_estimate":0.24003728944294211,"standard_error":0.007138629840009564},"median":{"confidence_interval":{"confidence_level":0.95,"lower_bound":0.2059261459058514,"upper_bound":0.24886768373739007},"point_estimate":0.2269525788159037,"standard_error":0.010722129820134782}}