{"mean":{"confidence_interval":{"confidence_level":0.95,"lower_bound":0.03434755211131316,"upper_bound":0.05448802070222152},"point_estimate":0.04461187135366873,"standard_error":0.005213252810421791},"median":{"confidence_interval":{"confidence_level":0.95,"lower_bound":0.026746481108641973,"upper_bound":0.0450476271051663},"point_estimate":0.037142312892004314,"standard_error":0.004918146271475432}}