{"mean":{"confidence_interval":{"confidence_level":0.95,"lower_bound":-0.15322755779928343,"upper_bound":-0.12645679386691044},"point_estimate":-0.13920249145834707,"standard_error":0.006867989505742429},"median":{"confidence_interval":{"confidence_level":0.95,"lower_bound":-0.16249934169401026,"upper_bound":-0.1148879846599491},"point_estimate":-0.13348396033102994,"standard_error":0.012324296185738987}}