{"mean":{"confidence_interval":{"confidence_level":0.95,"lower_bound":-0.036388036502875906,"upper_bound":-0.024878191439268726},"point_estimate":-0.031043136233210977,"standard_error":0.003090431095584801},"median":{"confidence_interval":{"confidence_level":0.95,"lower_bound":-0.047087904056171255,"upper_bound":-0.030422674433917662},"point_estimate":-0.04039508296244898,"standard_error":0.004177700779668696}}