{"mean":{"confidence_interval":{"confidence_level":0.95,"lower_bound":0.02525851835327675,"upper_bound":0.02700819862982738},"point_estimate":0.026167808212318677,"standard_error":0.00044435676959378},"median":{"confidence_interval":{"confidence_level":0.95,"lower_bound":0.025330694419502642,"upper_bound":0.0269380514377644},"point_estimate":0.02643842971625232,"standard_error":0.0004135387957107144}}