{"mean":{"confidence_interval":{"confidence_level":0.95,"lower_bound":0.10057451379555427,"upper_bound":0.1027639427114975},"point_estimate":0.10164763518907027,"standard_error":0.0005587552816917203},"median":{"confidence_interval":{"confidence_level":0.95,"lower_bound":0.10151929504199034,"upper_bound":0.10351494515799109},"point_estimate":0.10240031354797363,"standard_error":0.0005117689457387622}}