{"mean":{"confidence_interval":{"confidence_level":0.95,"lower_bound":-0.14249637366604997,"upper_bound":-0.13410867014718642},"point_estimate":-0.13843335585687278,"standard_error":0.0021384791179826458},"median":{"confidence_interval":{"confidence_level":0.95,"lower_bound":-0.14594223483086502,"upper_bound":-0.14165254743355166},"point_estimate":-0.1437864787659201,"standard_error":0.0013027431460160453}}