{"mean":{"confidence_interval":{"confidence_level":0.95,"lower_bound":0.08281154092794944,"upper_bound":0.09405833821234202},"point_estimate":0.08846552231640414,"standard_error":0.0026883350723507795},"median":{"confidence_interval":{"confidence_level":0.95,"lower_bound":0.09209569590683442,"upper_bound":0.0979829832980208},"point_estimate":0.09495493403993938,"standard_error":0.0017248287745403354}}