{"mean":{"confidence_interval":{"confidence_level":0.95,"lower_bound":0.13296002304418075,"upper_bound":0.13342876874820475},"point_estimate":0.13320120337776986,"standard_error":0.00011910691075203808},"median":{"confidence_interval":{"confidence_level":0.95,"lower_bound":0.13290217063933185,"upper_bound":0.13349550953726053},"point_estimate":0.13314448341171414,"standard_error":0.00015023872602728196}}