{"mean":{"confidence_interval":{"confidence_level":0.95,"lower_bound":0.049317206272858134,"upper_bound":0.06662179264215772},"point_estimate":0.05735147177048838,"standard_error":0.004660791274836822},"median":{"confidence_interval":{"confidence_level":0.95,"lower_bound":0.03241672342151247,"upper_bound":0.07241782454285306},"point_estimate":0.03807333199093743,"standard_error":0.010268555542312503}}