{"mean":{"confidence_interval":{"confidence_level":0.95,"lower_bound":0.07275645468359143,"upper_bound":0.08590264579198026},"point_estimate":0.07976494626818065,"standard_error":0.003356118029960398},"median":{"confidence_interval":{"confidence_level":0.95,"lower_bound":0.08443784380507524,"upper_bound":0.09498520069087424},"point_estimate":0.09198766487445686,"standard_error":0.0034898015654691314}}