{"mean":{"confidence_interval":{"confidence_level":0.95,"lower_bound":-0.07597467562233434,"upper_bound":-0.058374329605019204},"point_estimate":-0.06726676403136889,"standard_error":0.004497883901030574},"median":{"confidence_interval":{"confidence_level":0.95,"lower_bound":-0.08408233915853769,"upper_bound":-0.04718053890495688},"point_estimate":-0.06305366390333333,"standard_error":0.010083344795006817}}