{"mean":{"confidence_interval":{"confidence_level":0.95,"lower_bound":0.2185234705258377,"upper_bound":0.2500888108462175},"point_estimate":0.23162643294966512,"standard_error":0.007200580595804718},"median":{"confidence_interval":{"confidence_level":0.95,"lower_bound":0.19601626402020456,"upper_bound":0.21963696655019938},"point_estimate":0.20892352133311776,"standard_error":0.005976062178124946}}