{"mean":{"confidence_interval":{"confidence_level":0.95,"lower_bound":0.000019478284913448986,"upper_bound":0.0004614840841925426},"point_estimate":0.00024396136446536154,"standard_error":0.00011362387633306401},"median":{"confidence_interval":{"confidence_level":0.95,"lower_bound":0.00006040675025387188,"upper_bound":0.0006031348354508579},"point_estimate":0.00030746546175453027,"standard_error":0.00013830501696225826}}