{"mean":{"confidence_interval":{"confidence_level":0.95,"lower_bound":0.0001513279639915932,"upper_bound":0.0010627874092914707},"point_estimate":0.00048221797996150784,"standard_error":0.00023387812767878372},"median":{"confidence_interval":{"confidence_level":0.95,"lower_bound":0.00004801554641242767,"upper_bound":0.0004337454911695904},"point_estimate":0.00022766213059943752,"standard_error":0.00009753518348261692}}