{"mean":{"confidence_interval":{"confidence_level":0.95,"lower_bound":-0.14156792612532437,"upper_bound":-0.11649202646044765},"point_estimate":-0.12921863496799846,"standard_error":0.0063861270143100125},"median":{"confidence_interval":{"confidence_level":0.95,"lower_bound":-0.13344294068502116,"upper_bound":-0.09395939446187351},"point_estimate":-0.11684343043262169,"standard_error":0.010207647696682452}}