{"mean":{"confidence_interval":{"confidence_level":0.95,"lower_bound":-0.07899072048462741,"upper_bound":-0.068556375876851},"point_estimate":-0.07355636590017,"standard_error":0.002668198245591425},"median":{"confidence_interval":{"confidence_level":0.95,"lower_bound":-0.08642555494988569,"upper_bound":-0.07784416268836336},"point_estimate":-0.08393314211662639,"standard_error":0.002956457708630012}}