{"mean":{"confidence_interval":{"confidence_level":0.95,"lower_bound":-0.06356661221356343,"upper_bound":-0.046513768453216864},"point_estimate":-0.05510403245347395,"standard_error":0.0043520513166811015},"median":{"confidence_interval":{"confidence_level":0.95,"lower_bound":-0.0660066374194882,"upper_bound":-0.031287086750233506},"point_estimate":-0.03735704247771021,"standard_error":0.009292688059351328}}