{"mean":{"confidence_interval":{"confidence_level":0.95,"lower_bound":14674557.8460625,"upper_bound":14679258.23075},"point_estimate":14676805.8775,"standard_error":1193.931311511684},"median":{"confidence_interval":{"confidence_level":0.95,"lower_bound":14674682.25,"upper_bound":14679682.375},"point_estimate":14676732.25,"standard_error":1317.664277105508},"median_abs_dev":{"confidence_interval":{"confidence_level":0.95,"lower_bound":7209.327697008848,"upper_bound":12468.665778636932},"point_estimate":9989.017322659492,"standard_error":1308.780555838678},"slope":null,"std_dev":{"confidence_interval":{"confidence_level":0.95,"lower_bound":8858.705788114856,"upper_bound":15578.54383296372},"point_estimate":12000.152740636464,"standard_error":1790.0781430283173}}