{"mean":{"confidence_interval":{"confidence_level":0.95,"lower_bound":11868427.202150006,"upper_bound":11898125.250300003},"point_estimate":11883521.32,"standard_error":7557.004495124221},"median":{"confidence_interval":{"confidence_level":0.95,"lower_bound":11892075.899999999,"upper_bound":11919603.2},"point_estimate":11908413.2,"standard_error":6963.292673332971},"median_abs_dev":{"confidence_interval":{"confidence_level":0.95,"lower_bound":47336.451959609985,"upper_bound":89630.28488874546},"point_estimate":66193.34450483433,"standard_error":11065.644458994659},"slope":null,"std_dev":{"confidence_interval":{"confidence_level":0.95,"lower_bound":65165.8536013291,"upper_bound":84255.40208052506},"point_estimate":75621.06336119045,"standard_error":4860.793965171894}}