{"mean":{"confidence_interval":{"confidence_level":0.95,"lower_bound":9420238.598949997,"upper_bound":9577508.069799993},"point_estimate":9496629.075999998,"standard_error":40005.21930573034},"median":{"confidence_interval":{"confidence_level":0.95,"lower_bound":9304067.6,"upper_bound":9536960.0},"point_estimate":9414247.9,"standard_error":61864.428122531746},"median_abs_dev":{"confidence_interval":{"confidence_level":0.95,"lower_bound":275760.18512427836,"upper_bound":470667.07720398984},"point_estimate":365999.6703422075,"standard_error":48728.40849832454},"slope":null,"std_dev":{"confidence_interval":{"confidence_level":0.95,"lower_bound":330639.3059687912,"upper_bound":472126.65114949323},"point_estimate":404288.4042979838,"standard_error":36190.33796170157}}