{"mean":{"confidence_interval":{"confidence_level":0.95,"lower_bound":8642877.221666666,"upper_bound":8648740.174083333},"point_estimate":8645754.611666668,"standard_error":1496.0448063321676},"median":{"confidence_interval":{"confidence_level":0.95,"lower_bound":8640522.0,"upper_bound":8647371.833333334},"point_estimate":8643096.916666668,"standard_error":1672.9192067424465},"median_abs_dev":{"confidence_interval":{"confidence_level":0.95,"lower_bound":10897.480456531048,"upper_bound":18063.262956812952},"point_estimate":14838.725386560884,"standard_error":1771.2172704546713},"slope":null,"std_dev":{"confidence_interval":{"confidence_level":0.95,"lower_bound":12493.030849514596,"upper_bound":17435.532541209723},"point_estimate":15054.857836474655,"standard_error":1264.2866994480626}}