{"mean":{"confidence_interval":{"confidence_level":0.95,"lower_bound":8445570.980083335,"upper_bound":8463225.853041667},"point_estimate":8454302.490000002,"standard_error":4484.600684130299},"median":{"confidence_interval":{"confidence_level":0.95,"lower_bound":8445815.583333334,"upper_bound":8455632.5},"point_estimate":8449248.916666668,"standard_error":2480.3074741125956},"median_abs_dev":{"confidence_interval":{"confidence_level":0.95,"lower_bound":15654.278922081454,"upper_bound":29701.913672684703},"point_estimate":21127.42027491331,"standard_error":3638.247472017909},"slope":null,"std_dev":{"confidence_interval":{"confidence_level":0.95,"lower_bound":35773.203147969296,"upper_bound":53222.10630006586},"point_estimate":44861.36901097846,"standard_error":4446.035925650123}}