{"mean":{"confidence_interval":{"confidence_level":0.95,"lower_bound":9535992.938791668,"upper_bound":9694447.4255},"point_estimate":9614572.180000003,"standard_error":40501.88628435148},"median":{"confidence_interval":{"confidence_level":0.95,"lower_bound":9485928.166666666,"upper_bound":9613479.166666666},"point_estimate":9537620.333333332,"standard_error":32809.98475005348},"median_abs_dev":{"confidence_interval":{"confidence_level":0.95,"lower_bound":160529.3770000348,"upper_bound":312855.6518957019},"point_estimate":228556.25289231355,"standard_error":40290.619144195254},"slope":null,"std_dev":{"confidence_interval":{"confidence_level":0.95,"lower_bound":338588.4120092181,"upper_bound":464448.38172096206},"point_estimate":405853.93271824974,"standard_error":32092.69890709092}}