{"mean":{"confidence_interval":{"confidence_level":0.95,"lower_bound":9407553.737625001,"upper_bound":9417549.444958333},"point_estimate":9412506.016666668,"standard_error":2545.795894023168},"median":{"confidence_interval":{"confidence_level":0.95,"lower_bound":9403869.166666666,"upper_bound":9416477.75},"point_estimate":9410961.0,"standard_error":3085.692737179416},"median_abs_dev":{"confidence_interval":{"confidence_level":0.95,"lower_bound":20954.079627988882,"upper_bound":31666.358637810215},"point_estimate":27008.40017050551,"standard_error":2629.4990844038894},"slope":null,"std_dev":{"confidence_interval":{"confidence_level":0.95,"lower_bound":21691.634184887156,"upper_bound":29041.930664425796},"point_estimate":25570.35825676029,"standard_error":1881.2104677342863}}