{"mean":{"confidence_interval":{"confidence_level":0.95,"lower_bound":0.2740270466335648,"upper_bound":0.28903526692924003},"point_estimate":0.2818074049991852,"standard_error":0.003823205962756349},"median":{"confidence_interval":{"confidence_level":0.95,"lower_bound":0.28498307410510004,"upper_bound":0.2984417573770406},"point_estimate":0.2931862136661296,"standard_error":0.003440968279282469}}