{"mean":{"confidence_interval":{"confidence_level":0.95,"lower_bound":-0.05778734557024372,"upper_bound":-0.039744454576022895},"point_estimate":-0.048592862856775,"standard_error":0.004599610663823682},"median":{"confidence_interval":{"confidence_level":0.95,"lower_bound":-0.053140328528030634,"upper_bound":-0.02778175931493887},"point_estimate":-0.04077883271644489,"standard_error":0.006944938800514281}}