{"mean":{"confidence_interval":{"confidence_level":0.95,"lower_bound":0.17329664218469698,"upper_bound":0.1802907262966471},"point_estimate":0.17676936324037618,"standard_error":0.0017861657263944508},"median":{"confidence_interval":{"confidence_level":0.95,"lower_bound":0.174477671074321,"upper_bound":0.1812407458271783},"point_estimate":0.17718710296666607,"standard_error":0.0016537807536360168}}