{"mean":{"confidence_interval":{"confidence_level":0.95,"lower_bound":-0.0034843422799163497,"upper_bound":0.0012403912683696117},"point_estimate":-0.0008727551557120572,"standard_error":0.0011173363987779623},"median":{"confidence_interval":{"confidence_level":0.95,"lower_bound":-0.0003024624187096814,"upper_bound":-0.00014585015501678011},"point_estimate":-0.00021907849886548814,"standard_error":0.000041127346694640635}}