{"mean":{"confidence_interval":{"confidence_level":0.95,"lower_bound":-0.0028568831027894204,"upper_bound":0.0013923633926799725},"point_estimate":-0.0006574850097966767,"standard_error":0.0010539400657422829},"median":{"confidence_interval":{"confidence_level":0.95,"lower_bound":-0.00014525592958114508,"upper_bound":-8.989112243784625e-6},"point_estimate":-0.000085388843514278,"standard_error":0.000035597282170557703}}