{"mean":{"confidence_interval":{"confidence_level":0.95,"lower_bound":0.04082984436128202,"upper_bound":0.058325798095351766},"point_estimate":0.04986648210320177,"standard_error":0.004587939807608713},"median":{"confidence_interval":{"confidence_level":0.95,"lower_bound":0.03028746080102951,"upper_bound":0.045658923714697375},"point_estimate":0.03628525663001958,"standard_error":0.003410593835486138}}