{"mean":{"confidence_interval":{"confidence_level":0.95,"lower_bound":-0.11426505862852425,"upper_bound":-0.09720820025082565},"point_estimate":-0.10605589983511388,"standard_error":0.004393186242239266},"median":{"confidence_interval":{"confidence_level":0.95,"lower_bound":-0.12601649325309083,"upper_bound":-0.10283467886462272},"point_estimate":-0.11413480660456343,"standard_error":0.006424430756387266}}