{"mean":{"confidence_interval":{"confidence_level":0.95,"lower_bound":-0.002768545767452998,"upper_bound":0.0017326240506252422},"point_estimate":-0.0003753283720774325,"standard_error":0.001085979898625306},"median":{"confidence_interval":{"confidence_level":0.95,"lower_bound":-0.00005679996691345107,"upper_bound":0.00003512073764189161},"point_estimate":-0.000014174440263303723,"standard_error":0.000023606077016645534}}