{"mean":{"confidence_interval":{"confidence_level":0.95,"lower_bound":-0.22514018133552505,"upper_bound":-0.21669580077871675},"point_estimate":-0.2211477478993631,"standard_error":0.0022316960942366836},"median":{"confidence_interval":{"confidence_level":0.95,"lower_bound":-0.23141119617001726,"upper_bound":-0.22380303423182246},"point_estimate":-0.22815528189593315,"standard_error":0.0019520261982647487}}