{"mean":{"confidence_interval":{"confidence_level":0.95,"lower_bound":-0.05483728596830742,"upper_bound":-0.03952468968489731},"point_estimate":-0.04702022780205273,"standard_error":0.003908231871829576},"median":{"confidence_interval":{"confidence_level":0.95,"lower_bound":-0.043702593779628485,"upper_bound":-0.029070507473227813},"point_estimate":-0.03510735073716065,"standard_error":0.00349778216454099}}