{"mean":{"confidence_interval":{"confidence_level":0.95,"lower_bound":-0.0009383822929247537,"upper_bound":0.013694811995937695},"point_estimate":0.006284140111581182,"standard_error":0.003730395510578266},"median":{"confidence_interval":{"confidence_level":0.95,"lower_bound":-0.00996015396130523,"upper_bound":0.009722101911138203},"point_estimate":0.00023206787660057238,"standard_error":0.004939961414644796}}