{"mean":{"confidence_interval":{"confidence_level":0.95,"lower_bound":-0.1055406928642056,"upper_bound":-0.0920590232613485},"point_estimate":-0.09914806744623839,"standard_error":0.003375459466588051},"median":{"confidence_interval":{"confidence_level":0.95,"lower_bound":-0.10575646430827867,"upper_bound":-0.08905402484025804},"point_estimate":-0.09720616804104343,"standard_error":0.004222958737141719}}