{"mean":{"confidence_interval":{"confidence_level":0.95,"lower_bound":-0.01295581264050756,"upper_bound":0.004392992408410068},"point_estimate":-0.005071394955551423,"standard_error":0.004467815866083581},"median":{"confidence_interval":{"confidence_level":0.95,"lower_bound":-0.013984526993411794,"upper_bound":0.00293371200195333},"point_estimate":-0.005239857032556139,"standard_error":0.0043554415090537564}}