{"mean":{"confidence_interval":{"confidence_level":0.95,"lower_bound":-0.007740100775207481,"upper_bound":0.0022690290038505025},"point_estimate":-0.0027608632022194657,"standard_error":0.0026507371921709708},"median":{"confidence_interval":{"confidence_level":0.95,"lower_bound":-0.008331763120219549,"upper_bound":0.008587764385871832},"point_estimate":-0.0011210082754414818,"standard_error":0.0050709151608741366}}