{"mean":{"confidence_interval":{"confidence_level":0.95,"lower_bound":0.17030057812455832,"upper_bound":0.17736101031903803},"point_estimate":0.1737649362389091,"standard_error":0.001799500053262711},"median":{"confidence_interval":{"confidence_level":0.95,"lower_bound":0.17000156029629565,"upper_bound":0.17778769528710914},"point_estimate":0.1732895902821372,"standard_error":0.0018586614751377056}}