{"mean":{"confidence_interval":{"confidence_level":0.95,"lower_bound":-0.03519402221009839,"upper_bound":-0.030495040722470224},"point_estimate":-0.032899324667944096,"standard_error":0.001190418412210039},"median":{"confidence_interval":{"confidence_level":0.95,"lower_bound":-0.035332799435836115,"upper_bound":-0.030875593831688475},"point_estimate":-0.03334405981649846,"standard_error":0.0011390043039080566}}