{"mean":{"confidence_interval":{"confidence_level":0.95,"lower_bound":0.009234485608071403,"upper_bound":0.015560853539744545},"point_estimate":0.012301327469707912,"standard_error":0.0016113009243037889},"median":{"confidence_interval":{"confidence_level":0.95,"lower_bound":0.007875696258735632,"upper_bound":0.015610930661751343},"point_estimate":0.011236348016573805,"standard_error":0.0019506608205912864}}