{"mean":{"confidence_interval":{"confidence_level":0.95,"lower_bound":-0.044392385854501816,"upper_bound":-0.022459506943849128},"point_estimate":-0.032890546740536375,"standard_error":0.005644559100163115},"median":{"confidence_interval":{"confidence_level":0.95,"lower_bound":-0.025074938596100105,"upper_bound":-0.008075392830916628},"point_estimate":-0.01577125409099689,"standard_error":0.004414531457940875}}