{"mean":{"confidence_interval":{"confidence_level":0.95,"lower_bound":0.08724344991789357,"upper_bound":0.09435140200303227},"point_estimate":0.0906880939203103,"standard_error":0.001808036951892997},"median":{"confidence_interval":{"confidence_level":0.95,"lower_bound":0.08236038463221296,"upper_bound":0.09050818351314915},"point_estimate":0.08597999199863904,"standard_error":0.0021255843446822483}}