{"mean":{"confidence_interval":{"confidence_level":0.95,"lower_bound":-0.07714322752019373,"upper_bound":-0.06722670445327605},"point_estimate":-0.07215785232273897,"standard_error":0.002526783323288631},"median":{"confidence_interval":{"confidence_level":0.95,"lower_bound":-0.07656188790441831,"upper_bound":-0.06063703005148362},"point_estimate":-0.06757618955727673,"standard_error":0.004815594841465671}}