{"mean":{"confidence_interval":{"confidence_level":0.95,"lower_bound":55424926.1415,"upper_bound":56125480.065749995},"point_estimate":55757962.4,"standard_error":179347.04257729702},"median":{"confidence_interval":{"confidence_level":0.95,"lower_bound":54862439.0,"upper_bound":55889656.0},"point_estimate":55322556.0,"standard_error":232118.55327687753},"median_abs_dev":{"confidence_interval":{"confidence_level":0.95,"lower_bound":1020225.2263873816,"upper_bound":1809900.9677678347},"point_estimate":1537539.9396032095,"standard_error":203280.19448502682},"slope":null,"std_dev":{"confidence_interval":{"confidence_level":0.95,"lower_bound":1318167.0368214156,"upper_bound":2292588.4599604607},"point_estimate":1804335.103516466,"standard_error":253593.5296439843}}