{"mean":{"confidence_interval":{"confidence_level":0.95,"lower_bound":81447172.3955,"upper_bound":82069629.9005},"point_estimate":81752472.39,"standard_error":158658.90604084212},"median":{"confidence_interval":{"confidence_level":0.95,"lower_bound":81235368.0,"upper_bound":81967776.0},"point_estimate":81623672.0,"standard_error":184716.7693006222},"median_abs_dev":{"confidence_interval":{"confidence_level":0.95,"lower_bound":1243247.5513279438,"upper_bound":2070547.2322404385},"point_estimate":1755291.6216373444,"standard_error":209348.86093281995},"slope":null,"std_dev":{"confidence_interval":{"confidence_level":0.95,"lower_bound":1358302.690756225,"upper_bound":1819465.0625302847},"point_estimate":1597776.1543138886,"standard_error":118064.99259179985}}