{"mean":{"confidence_interval":{"confidence_level":0.95,"lower_bound":58334101.21625,"upper_bound":58579955.759500004},"point_estimate":58451891.09,"standard_error":63004.86009190732},"median":{"confidence_interval":{"confidence_level":0.95,"lower_bound":58218123.0,"upper_bound":58403225.0},"point_estimate":58293374.0,"standard_error":51106.60963818107},"median_abs_dev":{"confidence_interval":{"confidence_level":0.95,"lower_bound":331509.8174270244,"upper_bound":517434.8038136959},"point_estimate":421583.23291540146,"standard_error":47932.56453170481},"slope":null,"std_dev":{"confidence_interval":{"confidence_level":0.95,"lower_bound":482974.59472635837,"upper_bound":767203.5863691363},"point_estimate":637446.2495960444,"standard_error":72529.35684204366}}