{"mean":{"confidence_interval":{"confidence_level":0.95,"lower_bound":2564581.7401125,"upper_bound":2565946.6855624993},"point_estimate":2565187.0900000012,"standard_error":350.987025756467},"median":{"confidence_interval":{"confidence_level":0.95,"lower_bound":2564295.25,"upper_bound":2564745.25},"point_estimate":2564455.95,"standard_error":112.07380089286306},"median_abs_dev":{"confidence_interval":{"confidence_level":0.95,"lower_bound":853.0138948561142,"upper_bound":1474.7051288184741},"point_estimate":1097.6428905130813,"standard_error":157.917083744065},"slope":null,"std_dev":{"confidence_interval":{"confidence_level":0.95,"lower_bound":1698.211608739896,"upper_bound":5208.594283935135},"point_estimate":3510.7956800734137,"standard_error":949.5275486070226}}