{"mean":{"confidence_interval":{"confidence_level":0.95,"lower_bound":2582447.173712498,"upper_bound":2582944.0021999995},"point_estimate":2582693.093000004,"standard_error":126.77991631957208},"median":{"confidence_interval":{"confidence_level":0.95,"lower_bound":2582378.3,"upper_bound":2582868.7},"point_estimate":2582580.4000000004,"standard_error":120.6256036230194},"median_abs_dev":{"confidence_interval":{"confidence_level":0.95,"lower_bound":917.1363437177132,"upper_bound":1620.333511233882},"point_estimate":1353.5025809699043,"standard_error":184.15623597904928},"slope":null,"std_dev":{"confidence_interval":{"confidence_level":0.95,"lower_bound":1041.4005662598445,"upper_bound":1495.7638988092672},"point_estimate":1270.994624558894,"standard_error":116.70519940200042}}