{"mean":{"confidence_interval":{"confidence_level":0.95,"lower_bound":3047560.1985882376,"upper_bound":3066465.6851470587},"point_estimate":3057031.727647058,"standard_error":4838.407860460217},"median":{"confidence_interval":{"confidence_level":0.95,"lower_bound":3051177.852941177,"upper_bound":3077580.823529412},"point_estimate":3063127.7647058824,"standard_error":7707.142993620909},"median_abs_dev":{"confidence_interval":{"confidence_level":0.95,"lower_bound":30908.023286566953,"upper_bound":56940.90901262616},"point_estimate":41351.76274232974,"standard_error":7225.222217555021},"slope":null,"std_dev":{"confidence_interval":{"confidence_level":0.95,"lower_bound":40093.18539033489,"upper_bound":56687.008252506355},"point_estimate":48540.054635418484,"standard_error":4226.098697718498}}