{"mean":{"confidence_interval":{"confidence_level":0.95,"lower_bound":2602331.6880875016,"upper_bound":2604167.4165125024},"point_estimate":2603138.754000002,"standard_error":471.59397211274944},"median":{"confidence_interval":{"confidence_level":0.95,"lower_bound":2601861.55,"upper_bound":2602491.55},"point_estimate":2602169.025,"standard_error":173.42510247004284},"median_abs_dev":{"confidence_interval":{"confidence_level":0.95,"lower_bound":1319.513976573944,"upper_bound":2279.534524530034},"point_estimate":1727.26603433476,"standard_error":251.27564055428581},"slope":null,"std_dev":{"confidence_interval":{"confidence_level":0.95,"lower_bound":2169.8929454336094,"upper_bound":7129.191256848966},"point_estimate":4748.652621984132,"standard_error":1356.2152054699188}}