{"mean":{"confidence_interval":{"confidence_level":0.95,"lower_bound":2673138.072539474,"upper_bound":2674114.8682236844},"point_estimate":2673608.833684211,"standard_error":249.1564339466516},"median":{"confidence_interval":{"confidence_level":0.95,"lower_bound":2672659.8947368423,"upper_bound":2673802.052631579},"point_estimate":2672987.7894736845,"standard_error":274.2906322645714},"median_abs_dev":{"confidence_interval":{"confidence_level":0.95,"lower_bound":1435.781027141879,"upper_bound":2251.250028453484},"point_estimate":1790.8637208372106,"standard_error":207.10453215860733},"slope":null,"std_dev":{"confidence_interval":{"confidence_level":0.95,"lower_bound":1922.6779510727936,"upper_bound":3052.440228011863},"point_estimate":2518.7548455210467,"standard_error":288.85681325288704}}