{"mean":{"confidence_interval":{"confidence_level":0.95,"lower_bound":0.030574321322058617,"upper_bound":0.04383592570127982},"point_estimate":0.03782770256615198,"standard_error":0.0032381289068496638},"median":{"confidence_interval":{"confidence_level":0.95,"lower_bound":0.02123915806658072,"upper_bound":0.04036232513943795},"point_estimate":0.029594542785112532,"standard_error":0.004526717004085541}}