{"mean":{"confidence_interval":{"confidence_level":0.95,"lower_bound":-0.000030475557739323342,"upper_bound":0.00023028971750835848},"point_estimate":0.00011085908748009743,"standard_error":0.00006648149111467508},"median":{"confidence_interval":{"confidence_level":0.95,"lower_bound":0.00005078138110947706,"upper_bound":0.0001805939881021068},"point_estimate":0.00011054660013387618,"standard_error":0.00003290158556878327}}