{"mean":{"confidence_interval":{"confidence_level":0.95,"lower_bound":-0.06970219864530237,"upper_bound":-0.04904050972348532},"point_estimate":-0.05948923468674139,"standard_error":0.005248095852665888},"median":{"confidence_interval":{"confidence_level":0.95,"lower_bound":-0.0730267595479141,"upper_bound":-0.04203831675249914},"point_estimate":-0.05731910658007067,"standard_error":0.008088240335977081}}