{"mean":{"confidence_interval":{"confidence_level":0.95,"lower_bound":-0.11379227920072195,"upper_bound":-0.09339828325384109},"point_estimate":-0.10262347394284577,"standard_error":0.0052115563646783734},"median":{"confidence_interval":{"confidence_level":0.95,"lower_bound":-0.12414682481610609,"upper_bound":-0.09406254104124434},"point_estimate":-0.10922252609498018,"standard_error":0.007869805812245187}}