{"mean":{"confidence_interval":{"confidence_level":0.95,"lower_bound":-0.18440366605631087,"upper_bound":-0.17471058569043393},"point_estimate":-0.17961146054179744,"standard_error":0.0025720820565532584},"median":{"confidence_interval":{"confidence_level":0.95,"lower_bound":-0.1933217478959749,"upper_bound":-0.18333508140160892},"point_estimate":-0.188089598237558,"standard_error":0.0029192879274946137}}