{"mean":{"confidence_interval":{"confidence_level":0.95,"lower_bound":0.13332240376925786,"upper_bound":0.13350795135025592},"point_estimate":0.1334123869738908,"standard_error":0.0000472117166988491},"median":{"confidence_interval":{"confidence_level":0.95,"lower_bound":0.13337493488378205,"upper_bound":0.13352586386563137},"point_estimate":0.133451053538713,"standard_error":0.00004069447927201124}}