{"mean":{"confidence_interval":{"confidence_level":0.95,"lower_bound":0.211435424808977,"upper_bound":0.22634169800285625},"point_estimate":0.21921377646730145,"standard_error":0.0038179584155182272},"median":{"confidence_interval":{"confidence_level":0.95,"lower_bound":0.223844085491125,"upper_bound":0.23979132468182185},"point_estimate":0.2320260415161357,"standard_error":0.004347206690816037}}