{"mean":{"confidence_interval":{"confidence_level":0.95,"lower_bound":0.1827520208969101,"upper_bound":0.18852649707526134},"point_estimate":0.18570253861335662,"standard_error":0.0014354991449417778},"median":{"confidence_interval":{"confidence_level":0.95,"lower_bound":0.18739503870333118,"upper_bound":0.19320517814337435},"point_estimate":0.19136369355070082,"standard_error":0.001591594360059172}}