{"mean":{"confidence_interval":{"confidence_level":0.95,"lower_bound":-0.04302590945449717,"upper_bound":-0.031208509139007707},"point_estimate":-0.037061720008558785,"standard_error":0.0030023223078056134},"median":{"confidence_interval":{"confidence_level":0.95,"lower_bound":-0.03949547277347752,"upper_bound":-0.02143053498957992},"point_estimate":-0.029374570392224353,"standard_error":0.004278688805556869}}