{"mean":{"confidence_interval":{"confidence_level":0.95,"lower_bound":-0.0008072511081470612,"upper_bound":0.00017841828057992272},"point_estimate":-0.0001836716850655007,"standard_error":0.00028154298253924893},"median":{"confidence_interval":{"confidence_level":0.95,"lower_bound":0.000014660296891344515,"upper_bound":0.00020185667731786872},"point_estimate":0.00010369090562356575,"standard_error":0.00004945478508381256}}