{"mean":{"confidence_interval":{"confidence_level":0.95,"lower_bound":46046423.56525,"upper_bound":46086950.293},"point_estimate":46066164.16,"standard_error":10365.154006800865},"median":{"confidence_interval":{"confidence_level":0.95,"lower_bound":46040733.0,"upper_bound":46076319.5},"point_estimate":46056758.0,"standard_error":8413.41979612999},"median_abs_dev":{"confidence_interval":{"confidence_level":0.95,"lower_bound":67331.53650462627,"upper_bound":120899.35615360737},"point_estimate":96909.40597951412,"standard_error":13716.196026825697},"slope":null,"std_dev":{"confidence_interval":{"confidence_level":0.95,"lower_bound":80657.55295886142,"upper_bound":129482.11006483057},"point_estimate":104428.58589867706,"standard_error":12678.210497499682}}