{"mean":{"confidence_interval":{"confidence_level":0.95,"lower_bound":47013800.905125,"upper_bound":47087106.533625},"point_estimate":47050340.245,"standard_error":18713.733612258504},"median":{"confidence_interval":{"confidence_level":0.95,"lower_bound":47008815.0,"upper_bound":47110614.356249996},"point_estimate":47063629.75,"standard_error":31534.292397593606},"median_abs_dev":{"confidence_interval":{"confidence_level":0.95,"lower_bound":135824.69008862972,"upper_bound":233512.86876931778},"point_estimate":186151.175545156,"standard_error":26371.00223403956},"slope":null,"std_dev":{"confidence_interval":{"confidence_level":0.95,"lower_bound":163098.15734517362,"upper_bound":212125.59289455644},"point_estimate":188646.88832454354,"standard_error":12508.381213670129}}