{"mean":{"confidence_interval":{"confidence_level":0.95,"lower_bound":47613555.38649999,"upper_bound":47672956.435625},"point_estimate":47642862.605,"standard_error":15111.525538224032},"median":{"confidence_interval":{"confidence_level":0.95,"lower_bound":47596323.5,"upper_bound":47670789.0},"point_estimate":47631627.0,"standard_error":18843.767538856104},"median_abs_dev":{"confidence_interval":{"confidence_level":0.95,"lower_bound":102373.7227737532,"upper_bound":183085.15879958868},"point_estimate":138265.4202952981,"standard_error":21144.080470710596},"slope":null,"std_dev":{"confidence_interval":{"confidence_level":0.95,"lower_bound":127954.08174839518,"upper_bound":177598.5305763008},"point_estimate":152823.58110109216,"standard_error":12700.953360258312}}