{"mean":{"confidence_interval":{"confidence_level":0.95,"lower_bound":41779303.323750004,"upper_bound":41853673.042875},"point_estimate":41815697.405,"standard_error":18990.22109074031},"median":{"confidence_interval":{"confidence_level":0.95,"lower_bound":41745964.25,"upper_bound":41812840.5},"point_estimate":41778614.75,"standard_error":17639.485091922714},"median_abs_dev":{"confidence_interval":{"confidence_level":0.95,"lower_bound":115533.82684886456,"upper_bound":186255.32819330692},"point_estimate":155268.24744343758,"standard_error":17190.349082882196},"slope":null,"std_dev":{"confidence_interval":{"confidence_level":0.95,"lower_bound":157869.58126317093,"upper_bound":217259.69537416563},"point_estimate":190313.72468606217,"standard_error":15144.445308126455}}