{"mean":{"confidence_interval":{"confidence_level":0.95,"lower_bound":-0.008509298611506098,"upper_bound":0.006057650617856563},"point_estimate":-0.0009846858882388565,"standard_error":0.003730656541790761},"median":{"confidence_interval":{"confidence_level":0.95,"lower_bound":0.0009618511737072843,"upper_bound":0.013900800707025152},"point_estimate":0.009277885023124544,"standard_error":0.003908288390852627}}