{"mean":{"confidence_interval":{"confidence_level":0.95,"lower_bound":-0.002531338735531619,"upper_bound":0.005538191186949204},"point_estimate":0.0015190169413228372,"standard_error":0.002059958858407003},"median":{"confidence_interval":{"confidence_level":0.95,"lower_bound":-0.0028790504330412636,"upper_bound":0.009616454616778736},"point_estimate":0.006117824244353809,"standard_error":0.003522000127306965}}