{"mean":{"confidence_interval":{"confidence_level":0.95,"lower_bound":-0.022500211703400053,"upper_bound":-0.008934843279879581},"point_estimate":-0.01529693067829041,"standard_error":0.0033542172562253058},"median":{"confidence_interval":{"confidence_level":0.95,"lower_bound":-0.029434376887369072,"upper_bound":-0.017294141255597473},"point_estimate":-0.02503047527376112,"standard_error":0.0036695101131180487}}