{"mean":{"confidence_interval":{"confidence_level":0.95,"lower_bound":-0.0284502128069756,"upper_bound":-0.025722134544393316},"point_estimate":-0.02723597199731209,"standard_error":0.000695815623340585},"median":{"confidence_interval":{"confidence_level":0.95,"lower_bound":-0.029112464139433802,"upper_bound":-0.027697718517107894},"point_estimate":-0.028445102702147396,"standard_error":0.0003692126196533944}}