{"mean":{"confidence_interval":{"confidence_level":0.95,"lower_bound":-0.05356494647688226,"upper_bound":-0.04598295284797657},"point_estimate":-0.04991184547652683,"standard_error":0.0018333786949049974},"median":{"confidence_interval":{"confidence_level":0.95,"lower_bound":-0.05759807692843477,"upper_bound":-0.04574621577393134},"point_estimate":-0.054009701371269925,"standard_error":0.003137787786961478}}