{"mean":{"confidence_interval":{"confidence_level":0.95,"lower_bound":0.12069389539377262,"upper_bound":0.12353570254242084},"point_estimate":0.12222036788312773,"standard_error":0.0007163581923387122},"median":{"confidence_interval":{"confidence_level":0.95,"lower_bound":0.12120505566693107,"upper_bound":0.1254473306523216},"point_estimate":0.12254319191459007,"standard_error":0.0010344146210952494}}