{"mean":{"confidence_interval":{"confidence_level":0.95,"lower_bound":-0.01663071517934252,"upper_bound":-0.01043909807750219},"point_estimate":-0.01350467982499548,"standard_error":0.001565784695295413},"median":{"confidence_interval":{"confidence_level":0.95,"lower_bound":-0.015496449329035156,"upper_bound":-0.011938361110110152},"point_estimate":-0.013754050097681825,"standard_error":0.0009976938673708373}}