{"mean":{"confidence_interval":{"confidence_level":0.95,"lower_bound":-0.04410155385706349,"upper_bound":-0.03851275945994859},"point_estimate":-0.041311402736831204,"standard_error":0.001424622982910345},"median":{"confidence_interval":{"confidence_level":0.95,"lower_bound":-0.04235726137349494,"upper_bound":-0.03834058472175306},"point_estimate":-0.03993644202151592,"standard_error":0.000963532484638962}}