{"mean":{"confidence_interval":{"confidence_level":0.95,"lower_bound":-0.06928655400175754,"upper_bound":-0.06691357935408117},"point_estimate":-0.06818343295391516,"standard_error":0.0006006021406551579},"median":{"confidence_interval":{"confidence_level":0.95,"lower_bound":-0.06902560879082097,"upper_bound":-0.0674570646028142},"point_estimate":-0.0683089487624583,"standard_error":0.0003956835190897107}}