{"mean":{"confidence_interval":{"confidence_level":0.95,"lower_bound":0.07049657594253755,"upper_bound":0.07260177271134331},"point_estimate":0.07153446924752638,"standard_error":0.0005462059914776943},"median":{"confidence_interval":{"confidence_level":0.95,"lower_bound":0.06937109650008999,"upper_bound":0.07170243091457529},"point_estimate":0.07035710150935426,"standard_error":0.0005652727950576662}}