{"mean":{"confidence_interval":{"confidence_level":0.95,"lower_bound":0.0054114916835324885,"upper_bound":0.009917413537847064},"point_estimate":0.0076723724706884155,"standard_error":0.0011470277584596676},"median":{"confidence_interval":{"confidence_level":0.95,"lower_bound":0.003937339495086424,"upper_bound":0.0077714907697801205},"point_estimate":0.005588793879943044,"standard_error":0.0009927304091882703}}