{"mean":{"confidence_interval":{"confidence_level":0.95,"lower_bound":0.06727335398544466,"upper_bound":0.08149825117357266},"point_estimate":0.07455680823085453,"standard_error":0.0036253303409811088},"median":{"confidence_interval":{"confidence_level":0.95,"lower_bound":0.0689747813609427,"upper_bound":0.08938438208903476},"point_estimate":0.08000703185152913,"standard_error":0.004747997373166341}}