{"mean":{"confidence_interval":{"confidence_level":0.95,"lower_bound":-0.2932040147248558,"upper_bound":-0.28772294462458936},"point_estimate":-0.2904576546226213,"standard_error":0.001397841823564949},"median":{"confidence_interval":{"confidence_level":0.95,"lower_bound":-0.29285586568455313,"upper_bound":-0.2865380384563532},"point_estimate":-0.2897967761117143,"standard_error":0.001634119377137782}}