{"mean":{"confidence_interval":{"confidence_level":0.95,"lower_bound":-0.053207001404309104,"upper_bound":-0.03903500711598122},"point_estimate":-0.046087964645182944,"standard_error":0.0033501539822022976},"median":{"confidence_interval":{"confidence_level":0.95,"lower_bound":-0.059097532356651716,"upper_bound":-0.03963314833814924},"point_estimate":-0.05096321925027014,"standard_error":0.004432255899620364}}