{"mean":{"confidence_interval":{"confidence_level":0.95,"lower_bound":194498216.27275,"upper_bound":196382399.873},"point_estimate":195442588.52,"standard_error":481061.07856660686},"median":{"confidence_interval":{"confidence_level":0.95,"lower_bound":193497550.0,"upper_bound":196770270.0},"point_estimate":194953275.5,"standard_error":999187.1145631868},"median_abs_dev":{"confidence_interval":{"confidence_level":0.95,"lower_bound":4141127.081680298,"upper_bound":6467697.090375423},"point_estimate":5539497.585654259,"standard_error":596339.8726223331},"slope":null,"std_dev":{"confidence_interval":{"confidence_level":0.95,"lower_bound":4248115.408678592,"upper_bound":5371714.326542834},"point_estimate":4838714.370558087,"standard_error":285331.2775934207}}