{"mean":{"confidence_interval":{"confidence_level":0.95,"lower_bound":197374267.33574998,"upper_bound":198212395.60175002},"point_estimate":197785238.34,"standard_error":213834.4891758961},"median":{"confidence_interval":{"confidence_level":0.95,"lower_bound":196814180.0,"upper_bound":198078048.0},"point_estimate":197408439.5,"standard_error":354107.28365405137},"median_abs_dev":{"confidence_interval":{"confidence_level":0.95,"lower_bound":1473651.7415374517,"upper_bound":2439726.505018696},"point_estimate":1832372.735568881,"standard_error":233914.90962270295},"slope":null,"std_dev":{"confidence_interval":{"confidence_level":0.95,"lower_bound":1778611.2949600131,"upper_bound":2484939.631485977},"point_estimate":2149795.0836388115,"standard_error":180228.79780603983}}