{"mean":{"confidence_interval":{"confidence_level":0.95,"lower_bound":195546383.94,"upper_bound":196442460.94399998},"point_estimate":195983672.63,"standard_error":228505.61677646308},"median":{"confidence_interval":{"confidence_level":0.95,"lower_bound":194785893.0,"upper_bound":195747077.0},"point_estimate":195172065.0,"standard_error":273222.93217182194},"median_abs_dev":{"confidence_interval":{"confidence_level":0.95,"lower_bound":1368455.3430050611,"upper_bound":2884257.401794195},"point_estimate":1821240.6336665154,"standard_error":394950.80989149207},"slope":null,"std_dev":{"confidence_interval":{"confidence_level":0.95,"lower_bound":1956772.3728776507,"upper_bound":2665882.1276016384},"point_estimate":2304817.290880107,"standard_error":183622.30556980098}}