{"mean":{"confidence_interval":{"confidence_level":0.95,"lower_bound":213088600.25800002,"upper_bound":214034418.433},"point_estimate":213567932.34,"standard_error":241630.40873881752},"median":{"confidence_interval":{"confidence_level":0.95,"lower_bound":213239161.5,"upper_bound":214297303.5},"point_estimate":213734991.5,"standard_error":262904.74680515233},"median_abs_dev":{"confidence_interval":{"confidence_level":0.95,"lower_bound":1642980.967131257,"upper_bound":2780595.494234562},"point_estimate":2027406.5382063389,"standard_error":292319.3970134627},"slope":null,"std_dev":{"confidence_interval":{"confidence_level":0.95,"lower_bound":2061687.064623861,"upper_bound":2759429.8012321885},"point_estimate":2432352.680470529,"standard_error":177131.62145878494}}