{"mean":{"confidence_interval":{"confidence_level":0.95,"lower_bound":191071208.23725,"upper_bound":193696992.20175},"point_estimate":192393084.58,"standard_error":671064.2479563687},"median":{"confidence_interval":{"confidence_level":0.95,"lower_bound":191159537.0,"upper_bound":194847733.0},"point_estimate":192958632.0,"standard_error":902905.7323820894},"median_abs_dev":{"confidence_interval":{"confidence_level":0.95,"lower_bound":5138071.781980991,"upper_bound":7630266.740235686},"point_estimate":6588970.803022385,"standard_error":626419.4747850659},"slope":null,"std_dev":{"confidence_interval":{"confidence_level":0.95,"lower_bound":5788367.436965728,"upper_bound":7632320.266619285},"point_estimate":6767139.454040182,"standard_error":467595.9531739799}}