{"mean":{"confidence_interval":{"confidence_level":0.95,"lower_bound":44158017.648125,"upper_bound":44707367.952625},"point_estimate":44424672.175,"standard_error":140343.02358613678},"median":{"confidence_interval":{"confidence_level":0.95,"lower_bound":43680553.25,"upper_bound":44377039.5},"point_estimate":43984444.5,"standard_error":193346.06535124205},"median_abs_dev":{"confidence_interval":{"confidence_level":0.95,"lower_bound":857687.049973011,"upper_bound":1591614.0671432018},"point_estimate":1143765.463744104,"standard_error":196548.5043073888},"slope":null,"std_dev":{"confidence_interval":{"confidence_level":0.95,"lower_bound":1193204.381175069,"upper_bound":1598541.3795893928},"point_estimate":1413400.391945888,"standard_error":103223.38759597951}}