{"mean":{"confidence_interval":{"confidence_level":0.95,"lower_bound":56474440.516,"upper_bound":57811543.9775},"point_estimate":57123761.34,"standard_error":341852.16318700847},"median":{"confidence_interval":{"confidence_level":0.95,"lower_bound":55593802.0,"upper_bound":57561715.0},"point_estimate":56509458.0,"standard_error":514827.96031044074},"median_abs_dev":{"confidence_interval":{"confidence_level":0.95,"lower_bound":2331776.158502698,"upper_bound":3712402.1646916824},"point_estimate":2834602.9047757387,"standard_error":354806.3117150811},"slope":null,"std_dev":{"confidence_interval":{"confidence_level":0.95,"lower_bound":2709645.1007064558,"upper_bound":4130801.3181820936},"point_estimate":3421375.858562823,"standard_error":367770.42603548255}}