{"mean":{"confidence_interval":{"confidence_level":0.95,"lower_bound":44661531.404875,"upper_bound":44698310.300375},"point_estimate":44678789.89,"standard_error":9400.883816390697},"median":{"confidence_interval":{"confidence_level":0.95,"lower_bound":44641845.5,"upper_bound":44672375.5},"point_estimate":44655375.25,"standard_error":7353.852916949872},"median_abs_dev":{"confidence_interval":{"confidence_level":0.95,"lower_bound":40363.78428339958,"upper_bound":70380.13270050287},"point_estimate":50179.7080591321,"standard_error":7409.308748375117},"slope":null,"std_dev":{"confidence_interval":{"confidence_level":0.95,"lower_bound":60937.80323142484,"upper_bound":124310.85835307275},"point_estimate":93963.84978652668,"standard_error":16409.448739729793}}