{"mean":{"confidence_interval":{"confidence_level":0.95,"lower_bound":51598348.91525,"upper_bound":52102908.51575},"point_estimate":51857613.33,"standard_error":128392.50594231361},"median":{"confidence_interval":{"confidence_level":0.95,"lower_bound":52027735.0,"upper_bound":52285386.0},"point_estimate":52154485.0,"standard_error":79161.90708865205},"median_abs_dev":{"confidence_interval":{"confidence_level":0.95,"lower_bound":519728.3859729767,"upper_bound":1068516.4727300406},"point_estimate":758057.8143417835,"standard_error":139465.16141993008},"slope":null,"std_dev":{"confidence_interval":{"confidence_level":0.95,"lower_bound":1045382.6670084483,"upper_bound":1511709.3866472899},"point_estimate":1292359.290799122,"standard_error":118946.96516210763}}