{"mean":{"confidence_interval":{"confidence_level":0.95,"lower_bound":189165836.3685,"upper_bound":189466563.362},"point_estimate":189287625.71,"standard_error":78537.88391655253},"median":{"confidence_interval":{"confidence_level":0.95,"lower_bound":189092597.0,"upper_bound":189266499.0},"point_estimate":189152213.5,"standard_error":42141.26823048627},"median_abs_dev":{"confidence_interval":{"confidence_level":0.95,"lower_bound":242037.410902977,"upper_bound":422597.3312973976},"point_estimate":311076.902577281,"standard_error":46489.25233260093},"slope":null,"std_dev":{"confidence_interval":{"confidence_level":0.95,"lower_bound":298922.1949245449,"upper_bound":1277597.9343136174},"point_estimate":790008.9157273562,"standard_error":326743.8840784758}}