{"mean":{"confidence_interval":{"confidence_level":0.95,"lower_bound":202961051.77025002,"upper_bound":203328888.48775},"point_estimate":203138291.81,"standard_error":93941.50333337486},"median":{"confidence_interval":{"confidence_level":0.95,"lower_bound":202888371.0,"upper_bound":203173481.0},"point_estimate":203020318.0,"standard_error":71762.82981285772},"median_abs_dev":{"confidence_interval":{"confidence_level":0.95,"lower_bound":506762.3079031706,"upper_bound":874899.5538224279},"point_estimate":705434.4108760357,"standard_error":97808.39874379999},"slope":null,"std_dev":{"confidence_interval":{"confidence_level":0.95,"lower_bound":705032.6049017609,"upper_bound":1174972.695043495},"point_estimate":942138.9870891706,"standard_error":121259.93906214039}}