{"mean":{"confidence_interval":{"confidence_level":0.95,"lower_bound":196409191.97325,"upper_bound":196883629.5395},"point_estimate":196621487.1,"standard_error":121801.58362596406},"median":{"confidence_interval":{"confidence_level":0.95,"lower_bound":196287675.0,"upper_bound":196436930.0},"point_estimate":196343875.5,"standard_error":41104.21716979938},"median_abs_dev":{"confidence_interval":{"confidence_level":0.95,"lower_bound":225483.4408968687,"upper_bound":391043.1560575962},"point_estimate":289036.5713685751,"standard_error":44185.272483829765},"slope":null,"std_dev":{"confidence_interval":{"confidence_level":0.95,"lower_bound":576147.3020935507,"upper_bound":1780034.2785588128},"point_estimate":1227717.831098532,"standard_error":311192.1193949788}}