{"mean":{"confidence_interval":{"confidence_level":0.95,"lower_bound":185899787.12725,"upper_bound":186008017.184},"point_estimate":185953162.02,"standard_error":27611.580058038773},"median":{"confidence_interval":{"confidence_level":0.95,"lower_bound":185843716.0,"upper_bound":185991126.0},"point_estimate":185909925.5,"standard_error":39067.255117753884},"median_abs_dev":{"confidence_interval":{"confidence_level":0.95,"lower_bound":222180.2081555128,"upper_bound":359678.2347044348},"point_estimate":288878.6744713783,"standard_error":34515.27752198011},"slope":null,"std_dev":{"confidence_interval":{"confidence_level":0.95,"lower_bound":240257.45067962958,"upper_bound":310737.1113069032},"point_estimate":277878.629926662,"standard_error":17965.30300243039}}