{"mean":{"confidence_interval":{"confidence_level":0.95,"lower_bound":212202078.77525002,"upper_bound":212639441.0},"point_estimate":212422428.96,"standard_error":111324.56984227618},"median":{"confidence_interval":{"confidence_level":0.95,"lower_bound":212120732.0,"upper_bound":212874284.0},"point_estimate":212331529.5,"standard_error":201466.18804099745},"median_abs_dev":{"confidence_interval":{"confidence_level":0.95,"lower_bound":988306.2944890562,"upper_bound":1560000.5879044533},"point_estimate":1285274.071481824,"standard_error":150532.30489103112},"slope":null,"std_dev":{"confidence_interval":{"confidence_level":0.95,"lower_bound":975285.8515992081,"upper_bound":1254998.285425462},"point_estimate":1121643.320144378,"standard_error":71418.22728181216}}