{"mean":{"confidence_interval":{"confidence_level":0.95,"lower_bound":193401818.601,"upper_bound":194531292.46475002},"point_estimate":193966176.87,"standard_error":287617.9574120136},"median":{"confidence_interval":{"confidence_level":0.95,"lower_bound":193344150.0,"upper_bound":194126905.0},"point_estimate":193643352.0,"standard_error":190102.4477445675},"median_abs_dev":{"confidence_interval":{"confidence_level":0.95,"lower_bound":1402104.4320076704,"upper_bound":2660914.0939593315},"point_estimate":2301233.1164449453,"standard_error":314100.89920300356},"slope":null,"std_dev":{"confidence_interval":{"confidence_level":0.95,"lower_bound":2322260.3432151703,"upper_bound":3400791.446075136},"point_estimate":2884312.5024953075,"standard_error":274840.34936461336}}