{"mean":{"confidence_interval":{"confidence_level":0.95,"lower_bound":202016679.301,"upper_bound":202237048.283},"point_estimate":202126601.56,"standard_error":56230.772113247185},"median":{"confidence_interval":{"confidence_level":0.95,"lower_bound":201971094.0,"upper_bound":202227128.5},"point_estimate":202092415.0,"standard_error":63802.02191538812},"median_abs_dev":{"confidence_interval":{"confidence_level":0.95,"lower_bound":408368.8193500042,"upper_bound":735926.3032346964},"point_estimate":562597.7642118931,"standard_error":89255.67273864146},"slope":null,"std_dev":{"confidence_interval":{"confidence_level":0.95,"lower_bound":489347.1635413432,"upper_bound":629516.835337056},"point_estimate":563865.9322813908,"standard_error":35799.481335956705}}