{"mean":{"confidence_interval":{"confidence_level":0.95,"lower_bound":0.10545460473755716,"upper_bound":0.11027559826525038},"point_estimate":0.10789081926994792,"standard_error":0.0012263087691190518},"median":{"confidence_interval":{"confidence_level":0.95,"lower_bound":0.10631101100822193,"upper_bound":0.11019027439675741},"point_estimate":0.10813297297043345,"standard_error":0.0010078416052231832}}