{"mean":{"confidence_interval":{"confidence_level":0.95,"lower_bound":-0.058364903409660496,"upper_bound":-0.04299809134026478},"point_estimate":-0.05071010920363905,"standard_error":0.003930742501085615},"median":{"confidence_interval":{"confidence_level":0.95,"lower_bound":-0.05696098456490484,"upper_bound":-0.034223438168266195},"point_estimate":-0.04450039428229957,"standard_error":0.005978738577588686}}