{"mean":{"confidence_interval":{"confidence_level":0.95,"lower_bound":-0.10842281536926585,"upper_bound":-0.085560343932348},"point_estimate":-0.09776899921667215,"standard_error":0.005731563265814196},"median":{"confidence_interval":{"confidence_level":0.95,"lower_bound":-0.12461939383260678,"upper_bound":-0.09902917712042103},"point_estimate":-0.11111141824625437,"standard_error":0.00676706578956096}}