{"mean":{"confidence_interval":{"confidence_level":0.95,"lower_bound":0.04054989461770358,"upper_bound":0.055788616215751916},"point_estimate":0.048317791537221266,"standard_error":0.004067155025352383},"median":{"confidence_interval":{"confidence_level":0.95,"lower_bound":0.03156308094392002,"upper_bound":0.05598830191674553},"point_estimate":0.042679570827947044,"standard_error":0.006671091910787568}}