{"mean":{"confidence_interval":{"confidence_level":0.95,"lower_bound":0.006648060935006157,"upper_bound":0.01651567978688094},"point_estimate":0.011290931436517937,"standard_error":0.0025949995659907575},"median":{"confidence_interval":{"confidence_level":0.95,"lower_bound":-0.0006635537959601701,"upper_bound":0.007246039755813716},"point_estimate":0.0028793430895328598,"standard_error":0.0018247055057963287}}