{"mean":{"confidence_interval":{"confidence_level":0.95,"lower_bound":-0.015410927997629886,"upper_bound":-0.0034133598369467943},"point_estimate":-0.009142686330929517,"standard_error":0.0030745045096735916},"median":{"confidence_interval":{"confidence_level":0.95,"lower_bound":-0.006778492570356565,"upper_bound":0.002747622350398826},"point_estimate":-0.0026586138709926432,"standard_error":0.002384271699567783}}