{"mean":{"confidence_interval":{"confidence_level":0.95,"lower_bound":-0.06362995772193168,"upper_bound":-0.039489580189670304},"point_estimate":-0.051567814554182356,"standard_error":0.006127119656175025},"median":{"confidence_interval":{"confidence_level":0.95,"lower_bound":-0.051688218284578924,"upper_bound":-0.025346830820675348},"point_estimate":-0.04097613326810623,"standard_error":0.006529193707606748}}