{"mean":{"confidence_interval":{"confidence_level":0.95,"lower_bound":-0.013600538465738827,"upper_bound":0.0020625737336505065},"point_estimate":-0.005882213843681705,"standard_error":0.003960746602283376},"median":{"confidence_interval":{"confidence_level":0.95,"lower_bound":-0.012114051373509294,"upper_bound":-0.0006093222522297603},"point_estimate":-0.005938632635970942,"standard_error":0.002909913160775547}}