{"mean":{"confidence_interval":{"confidence_level":0.95,"lower_bound":0.17304743521999866,"upper_bound":0.1820791177254235},"point_estimate":0.17769037071167282,"standard_error":0.002324120886496992},"median":{"confidence_interval":{"confidence_level":0.95,"lower_bound":0.17106828721270473,"upper_bound":0.1873703736558081},"point_estimate":0.1823957341501723,"standard_error":0.0041322459439543}}