{"mean":{"confidence_interval":{"confidence_level":0.95,"lower_bound":0.001755028719681473,"upper_bound":0.0056265125308826705},"point_estimate":0.0037583056667160886,"standard_error":0.0009851697312944837},"median":{"confidence_interval":{"confidence_level":0.95,"lower_bound":0.0018271268192411316,"upper_bound":0.005070514961893036},"point_estimate":0.00321930984417107,"standard_error":0.0008169373833364942}}