{"mean":{"confidence_interval":{"confidence_level":0.95,"lower_bound":199075660.34750003,"upper_bound":199453575.145},"point_estimate":199255222.77,"standard_error":96520.48439520449},"median":{"confidence_interval":{"confidence_level":0.95,"lower_bound":198838907.0,"upper_bound":199238459.5},"point_estimate":198990009.0,"standard_error":95499.1915539094},"median_abs_dev":{"confidence_interval":{"confidence_level":0.95,"lower_bound":489558.56992609816,"upper_bound":830715.609784349},"point_estimate":603053.4696936607,"standard_error":84038.34364389912},"slope":null,"std_dev":{"confidence_interval":{"confidence_level":0.95,"lower_bound":695495.2711608841,"upper_bound":1215178.3384325884},"point_estimate":969183.3039159265,"standard_error":132686.6155720468}}