{"mean":{"confidence_interval":{"confidence_level":0.95,"lower_bound":194816848.94224998,"upper_bound":197690031.86374998},"point_estimate":196207229.44,"standard_error":734916.9954019219},"median":{"confidence_interval":{"confidence_level":0.95,"lower_bound":193147848.0,"upper_bound":195603788.0},"point_estimate":194009194.5,"standard_error":751007.907575202},"median_abs_dev":{"confidence_interval":{"confidence_level":0.95,"lower_bound":3319014.2767757177,"upper_bound":6466982.328928106},"point_estimate":4267659.576433897,"standard_error":836536.3727579137},"slope":null,"std_dev":{"confidence_interval":{"confidence_level":0.95,"lower_bound":5592117.936303842,"upper_bound":8961448.545682618},"point_estimate":7346502.144673754,"standard_error":864453.2262700282}}