{"mean":{"confidence_interval":{"confidence_level":0.95,"lower_bound":195859503.998,"upper_bound":196188762.85975},"point_estimate":196014026.95,"standard_error":84515.97291938274},"median":{"confidence_interval":{"confidence_level":0.95,"lower_bound":195692721.0,"upper_bound":195946925.0},"point_estimate":195809189.5,"standard_error":66430.16048392782},"median_abs_dev":{"confidence_interval":{"confidence_level":0.95,"lower_bound":354415.3013178708,"upper_bound":577747.7120429277},"point_estimate":478370.5184072256,"standard_error":58906.11342082591},"slope":null,"std_dev":{"confidence_interval":{"confidence_level":0.95,"lower_bound":586047.9475331525,"upper_bound":1077887.2959468628},"point_estimate":847005.0752403653,"standard_error":126617.26234676142}}