{"mean":{"confidence_interval":{"confidence_level":0.95,"lower_bound":9429234.193791661,"upper_bound":9435351.79675},"point_estimate":9432251.68333333,"standard_error":1559.9230145260565},"median":{"confidence_interval":{"confidence_level":0.95,"lower_bound":9428978.333333332,"upper_bound":9435984.166666666},"point_estimate":9431773.333333332,"standard_error":2105.0631623651993},"median_abs_dev":{"confidence_interval":{"confidence_level":0.95,"lower_bound":10518.55261325606,"upper_bound":18639.61751908064},"point_estimate":15078.165282307215,"standard_error":2075.7821945571354},"slope":null,"std_dev":{"confidence_interval":{"confidence_level":0.95,"lower_bound":12796.315104471161,"upper_bound":18639.706312970106},"point_estimate":15649.61924653277,"standard_error":1514.0601979024007}}