{"mean":{"confidence_interval":{"confidence_level":0.95,"lower_bound":11098067.036350003,"upper_bound":11166950.869550005},"point_estimate":11132398.182,"standard_error":17610.44545496837},"median":{"confidence_interval":{"confidence_level":0.95,"lower_bound":11127930.0,"upper_bound":11205190.2},"point_estimate":11164260.1,"standard_error":15317.263539598782},"median_abs_dev":{"confidence_interval":{"confidence_level":0.95,"lower_bound":102500.88352024334,"upper_bound":174331.8144249905},"point_estimate":143887.0687454939,"standard_error":18126.017709976222},"slope":null,"std_dev":{"confidence_interval":{"confidence_level":0.95,"lower_bound":140393.03454155373,"upper_bound":211384.2828382997},"point_estimate":176971.35564920565,"standard_error":18164.658702074856}}