{"mean":{"confidence_interval":{"confidence_level":0.95,"lower_bound":10609594.573899996,"upper_bound":10732821.154550001},"point_estimate":10668620.900000004,"standard_error":31427.368493238344},"median":{"confidence_interval":{"confidence_level":0.95,"lower_bound":10511887.8,"upper_bound":10646687.2},"point_estimate":10571947.4,"standard_error":32923.02622746441},"median_abs_dev":{"confidence_interval":{"confidence_level":0.95,"lower_bound":170160.37113904898,"upper_bound":306385.2149605751},"point_estimate":234490.8287769548,"standard_error":35070.967754157915},"slope":null,"std_dev":{"confidence_interval":{"confidence_level":0.95,"lower_bound":243198.33872100944,"upper_bound":384150.7341815581},"point_estimate":315289.86464893376,"standard_error":36187.85815281579}}