{"mean":{"confidence_interval":{"confidence_level":0.95,"lower_bound":0.02101171776586925,"upper_bound":0.03738200320348187},"point_estimate":0.028251191983719393,"standard_error":0.003932589269515502},"median":{"confidence_interval":{"confidence_level":0.95,"lower_bound":0.01510854369209036,"upper_bound":0.026848315801304423},"point_estimate":0.02051477200792795,"standard_error":0.0031485764483723164}}