{"mean":{"confidence_interval":{"confidence_level":0.95,"lower_bound":0.22771602437092625,"upper_bound":0.24141126166773702},"point_estimate":0.23397220707648358,"standard_error":0.003383246566935347},"median":{"confidence_interval":{"confidence_level":0.95,"lower_bound":0.21714772438271623,"upper_bound":0.23164174471973897},"point_estimate":0.22316659201331968,"standard_error":0.0033511051423881087}}