{"mean":{"confidence_interval":{"confidence_level":0.95,"lower_bound":-0.12303215577005921,"upper_bound":-0.11279066811640463},"point_estimate":-0.11773919938736754,"standard_error":0.0026153603490637637},"median":{"confidence_interval":{"confidence_level":0.95,"lower_bound":-0.11630621160831045,"upper_bound":-0.10489342574196381},"point_estimate":-0.10981764816574857,"standard_error":0.0027815724490846353}}