{"mean":{"confidence_interval":{"confidence_level":0.95,"lower_bound":0.11082144611721767,"upper_bound":0.11329665967344149},"point_estimate":0.11203149139588753,"standard_error":0.0006285472544930055},"median":{"confidence_interval":{"confidence_level":0.95,"lower_bound":0.11149886674631349,"upper_bound":0.11338103454895831},"point_estimate":0.11241544576343832,"standard_error":0.00045173140322301707}}