{"mean":{"confidence_interval":{"confidence_level":0.95,"lower_bound":-0.015178646450015876,"upper_bound":0.0012512949939340464},"point_estimate":-0.0067789730599632225,"standard_error":0.004204705508528677},"median":{"confidence_interval":{"confidence_level":0.95,"lower_bound":-0.011155467780089245,"upper_bound":0.013806702468886822},"point_estimate":0.00186158613194487,"standard_error":0.0065942111353161255}}