{"mean":{"confidence_interval":{"confidence_level":0.95,"lower_bound":0.2258470131363804,"upper_bound":0.24639213205673793},"point_estimate":0.23599065018408294,"standard_error":0.0052507178411441025},"median":{"confidence_interval":{"confidence_level":0.95,"lower_bound":0.23890888254031806,"upper_bound":0.25564875854459346},"point_estimate":0.2485727869016665,"standard_error":0.004335041293731741}}