{"mean":{"confidence_interval":{"confidence_level":0.95,"lower_bound":-0.27338120348245665,"upper_bound":-0.27151676544532166},"point_estimate":-0.2724585264877811,"standard_error":0.00047549744344736495},"median":{"confidence_interval":{"confidence_level":0.95,"lower_bound":-0.2748876932470641,"upper_bound":-0.2731677048195188},"point_estimate":-0.2742024674902389,"standard_error":0.00044731877227228805}}