{"mean":{"confidence_interval":{"confidence_level":0.95,"lower_bound":-0.009309261963388396,"upper_bound":-0.007815873235382133},"point_estimate":-0.00867659046297553,"standard_error":0.00037453302609561257},"median":{"confidence_interval":{"confidence_level":0.95,"lower_bound":-0.009768725563381153,"upper_bound":-0.008483610880947956},"point_estimate":-0.009105587072349652,"standard_error":0.00032225389509499237}}