{"mean":{"confidence_interval":{"confidence_level":0.95,"lower_bound":-0.15353989296287632,"upper_bound":-0.13870560009890084},"point_estimate":-0.14693771092781083,"standard_error":0.003867620223041351},"median":{"confidence_interval":{"confidence_level":0.95,"lower_bound":-0.16665243246294437,"upper_bound":-0.14491933988005157},"point_estimate":-0.1567512924569,"standard_error":0.0056267869957161544}}