{"mean":{"confidence_interval":{"confidence_level":0.95,"lower_bound":0.18063872416505797,"upper_bound":0.1878147348977588},"point_estimate":0.18411494648558802,"standard_error":0.0018112952666143117},"median":{"confidence_interval":{"confidence_level":0.95,"lower_bound":0.1841638124721663,"upper_bound":0.19222648542306175},"point_estimate":0.18780412966169546,"standard_error":0.0016935131701655507}}