{"mean":{"confidence_interval":{"confidence_level":0.95,"lower_bound":50466014.85975,"upper_bound":51267907.569249995},"point_estimate":50862506.52,"standard_error":205930.26648020724},"median":{"confidence_interval":{"confidence_level":0.95,"lower_bound":49966443.5,"upper_bound":51126152.0},"point_estimate":50485401.0,"standard_error":312822.1272602345},"median_abs_dev":{"confidence_interval":{"confidence_level":0.95,"lower_bound":1664155.4599553347,"upper_bound":2883463.562170787},"point_estimate":2249421.4364647865,"standard_error":315605.1521292097},"slope":null,"std_dev":{"confidence_interval":{"confidence_level":0.95,"lower_bound":1845434.5325419707,"upper_bound":2266239.0704152985},"point_estimate":2072238.7649108835,"standard_error":107641.51182863093}}