{"mean":{"confidence_interval":{"confidence_level":0.95,"lower_bound":48454577.2595,"upper_bound":48586649.76975},"point_estimate":48518213.59,"standard_error":33672.73510535118},"median":{"confidence_interval":{"confidence_level":0.95,"lower_bound":48384127.5,"upper_bound":48505222.5},"point_estimate":48418903.0,"standard_error":32991.6296278243},"median_abs_dev":{"confidence_interval":{"confidence_level":0.95,"lower_bound":185444.34600770473,"upper_bound":301739.85859304667},"point_estimate":241132.2836190462,"standard_error":27697.9054489195},"slope":null,"std_dev":{"confidence_interval":{"confidence_level":0.95,"lower_bound":254266.2647795395,"upper_bound":415472.40043562296},"point_estimate":338575.91666940384,"standard_error":41349.355037432804}}