{"mean":{"confidence_interval":{"confidence_level":0.95,"lower_bound":48271419.083625,"upper_bound":48409942.12125},"point_estimate":48336550.06,"standard_error":35301.99679287769},"median":{"confidence_interval":{"confidence_level":0.95,"lower_bound":48212702.0,"upper_bound":48319103.0},"point_estimate":48263527.75,"standard_error":24634.76015123003},"median_abs_dev":{"confidence_interval":{"confidence_level":0.95,"lower_bound":201302.96735990793,"upper_bound":316983.3862811697},"point_estimate":253990.13189077377,"standard_error":29113.834773436574},"slope":null,"std_dev":{"confidence_interval":{"confidence_level":0.95,"lower_bound":262765.23069667513,"upper_bound":439820.32844346284},"point_estimate":355608.8142781326,"standard_error":45417.799207301054}}