{"mean":{"confidence_interval":{"confidence_level":0.95,"lower_bound":7139863.491875,"upper_bound":7140807.80915625},"point_estimate":7140327.6575,"standard_error":239.74003734940575},"median":{"confidence_interval":{"confidence_level":0.95,"lower_bound":7139786.25,"upper_bound":7140454.625},"point_estimate":7140154.5625,"standard_error":175.10857320108389},"median_abs_dev":{"confidence_interval":{"confidence_level":0.95,"lower_bound":1269.6615524590015,"upper_bound":2483.4476184099913},"point_estimate":1714.3488820642233,"standard_error":313.95955148274606},"slope":null,"std_dev":{"confidence_interval":{"confidence_level":0.95,"lower_bound":1945.8737852625788,"upper_bound":2839.6264966684003},"point_estimate":2415.0074141025843,"standard_error":227.8406897729099}}