{"mean":{"confidence_interval":{"confidence_level":0.95,"lower_bound":7368121.994071432,"upper_bound":7458445.140857143},"point_estimate":7412626.205714288,"standard_error":23107.606635929602},"median":{"confidence_interval":{"confidence_level":0.95,"lower_bound":7293600.0,"upper_bound":7434165.142857144},"point_estimate":7353260.428571429,"standard_error":32833.95564008535},"median_abs_dev":{"confidence_interval":{"confidence_level":0.95,"lower_bound":146621.51259694662,"upper_bound":272550.2714612659},"point_estimate":214416.99699333697,"standard_error":30672.743740326147},"slope":null,"std_dev":{"confidence_interval":{"confidence_level":0.95,"lower_bound":193152.1793110406,"upper_bound":267619.114126676},"point_estimate":231993.39328027665,"standard_error":18937.94720810063}}