{"mean":{"confidence_interval":{"confidence_level":0.95,"lower_bound":7138235.231,"upper_bound":7138945.963000001},"point_estimate":7138589.205714286,"standard_error":181.21979815298226},"median":{"confidence_interval":{"confidence_level":0.95,"lower_bound":7137870.428571428,"upper_bound":7138534.428571428},"point_estimate":7138227.642857144,"standard_error":190.9322708254554},"median_abs_dev":{"confidence_interval":{"confidence_level":0.95,"lower_bound":910.7399838307387,"upper_bound":1832.1758674719817},"point_estimate":1292.6153770530677,"standard_error":243.39412099757746},"slope":null,"std_dev":{"confidence_interval":{"confidence_level":0.95,"lower_bound":1421.4253455572507,"upper_bound":2205.9056390541455},"point_estimate":1818.0466291579764,"standard_error":201.0896113623515}}