{"mean":{"confidence_interval":{"confidence_level":0.95,"lower_bound":6297924.70703125,"upper_bound":6298741.255249999},"point_estimate":6298315.85375,"standard_error":207.53852278564227},"median":{"confidence_interval":{"confidence_level":0.95,"lower_bound":6297529.5,"upper_bound":6298048.375},"point_estimate":6297782.0,"standard_error":142.15647434496827},"median_abs_dev":{"confidence_interval":{"confidence_level":0.95,"lower_bound":856.2014847993851,"upper_bound":1686.6427950561047},"point_estimate":1319.4213140755892,"standard_error":225.37807616387565},"slope":null,"std_dev":{"confidence_interval":{"confidence_level":0.95,"lower_bound":1465.607431763564,"upper_bound":2713.955227459076},"point_estimate":2085.0168573591695,"standard_error":325.4029967744636}}