{"mean":{"confidence_interval":{"confidence_level":0.95,"lower_bound":8442965.241666665,"upper_bound":8484202.17666667},"point_estimate":8464243.343333334,"standard_error":10511.151129954613},"median":{"confidence_interval":{"confidence_level":0.95,"lower_bound":8476128.166666666,"upper_bound":8516545.0},"point_estimate":8504225.25,"standard_error":11546.105995164779},"median_abs_dev":{"confidence_interval":{"confidence_level":0.95,"lower_bound":51446.41985539258,"upper_bound":105913.60626965761},"point_estimate":78607.2035044427,"standard_error":14972.724114497845},"slope":null,"std_dev":{"confidence_interval":{"confidence_level":0.95,"lower_bound":82985.47872039102,"upper_bound":127171.79923835953},"point_estimate":105767.2013625761,"standard_error":11305.278506566352}}