{"mean":{"confidence_interval":{"confidence_level":0.95,"lower_bound":7138265.9536875,"upper_bound":7139205.711375},"point_estimate":7138692.83,"standard_error":240.65846924856697},"median":{"confidence_interval":{"confidence_level":0.95,"lower_bound":7137650.5,"upper_bound":7138519.375},"point_estimate":7138050.5625,"standard_error":213.50174565291482},"median_abs_dev":{"confidence_interval":{"confidence_level":0.95,"lower_bound":1130.482479929924,"upper_bound":1992.3363771289587},"point_estimate":1519.7576355189085,"standard_error":222.1896051463338},"slope":null,"std_dev":{"confidence_interval":{"confidence_level":0.95,"lower_bound":1452.8586624629215,"upper_bound":3478.513483797322},"point_estimate":2420.506189789773,"standard_error":590.8038756113365}}