{"mean":{"confidence_interval":{"confidence_level":0.95,"lower_bound":5822206.613083333,"upper_bound":5894749.4057777785},"point_estimate":5856501.784444443,"standard_error":18530.414317799423},"median":{"confidence_interval":{"confidence_level":0.95,"lower_bound":5759196.444444444,"upper_bound":5834274.222222222},"point_estimate":5795457.5,"standard_error":20583.065561085474},"median_abs_dev":{"confidence_interval":{"confidence_level":0.95,"lower_bound":61091.35558207891,"upper_bound":138515.85614085174},"point_estimate":103363.16366493702,"standard_error":20789.140553208348},"slope":null,"std_dev":{"confidence_interval":{"confidence_level":0.95,"lower_bound":132645.67406984314,"upper_bound":229620.71984315434},"point_estimate":184838.14472429338,"standard_error":24712.631971538718}}