{"mean":{"confidence_interval":{"confidence_level":0.95,"lower_bound":193180161.67900002,"upper_bound":194031608.451},"point_estimate":193602109.68,"standard_error":217697.92799929975},"median":{"confidence_interval":{"confidence_level":0.95,"lower_bound":192527953.0,"upper_bound":193532768.0},"point_estimate":193003411.5,"standard_error":275896.9767140402},"median_abs_dev":{"confidence_interval":{"confidence_level":0.95,"lower_bound":1418275.1499205828,"upper_bound":2772063.8356210263},"point_estimate":2019769.6657419205,"standard_error":345813.56828444795},"slope":null,"std_dev":{"confidence_interval":{"confidence_level":0.95,"lower_bound":1926829.6948948575,"upper_bound":2406839.709477737},"point_estimate":2192581.815514205,"standard_error":122601.59486798683}}