{"mean":{"confidence_interval":{"confidence_level":0.95,"lower_bound":195137765.33275,"upper_bound":198431402.105},"point_estimate":196782191.28,"standard_error":840001.2696317112},"median":{"confidence_interval":{"confidence_level":0.95,"lower_bound":194944484.0,"upper_bound":197926798.0},"point_estimate":196374047.5,"standard_error":811839.8684702439},"median_abs_dev":{"confidence_interval":{"confidence_level":0.95,"lower_bound":5000424.235224724,"upper_bound":8396770.926627517},"point_estimate":6756027.9441565275,"standard_error":838412.566357595},"slope":null,"std_dev":{"confidence_interval":{"confidence_level":0.95,"lower_bound":6882907.104643004,"upper_bound":9787025.745720005},"point_estimate":8411504.503648333,"standard_error":740850.4635613719}}