{"mean":{"confidence_interval":{"confidence_level":0.95,"lower_bound":187814277.98725,"upper_bound":188451926.9855},"point_estimate":188140903.27,"standard_error":163004.82581848823},"median":{"confidence_interval":{"confidence_level":0.95,"lower_bound":188062001.5,"upper_bound":188767734.0},"point_estimate":188451017.5,"standard_error":184884.9505640142},"median_abs_dev":{"confidence_interval":{"confidence_level":0.95,"lower_bound":980757.6737880707,"upper_bound":1550620.1778709888},"point_estimate":1294572.1972167492,"standard_error":135334.9775437311},"slope":null,"std_dev":{"confidence_interval":{"confidence_level":0.95,"lower_bound":1341402.4362014534,"upper_bound":1901925.3859507646},"point_estimate":1640198.159729463,"standard_error":143011.46611937217}}