{"mean":{"confidence_interval":{"confidence_level":0.95,"lower_bound":17878869.474000003,"upper_bound":18288941.014416665},"point_estimate":18076342.070000004,"standard_error":104604.22919000557},"median":{"confidence_interval":{"confidence_level":0.95,"lower_bound":17559804.333333332,"upper_bound":17903339.833333336},"point_estimate":17743046.833333332,"standard_error":92182.16862775909},"median_abs_dev":{"confidence_interval":{"confidence_level":0.95,"lower_bound":417512.5384751746,"upper_bound":914918.8683569413},"point_estimate":600839.4537329664,"standard_error":130494.32198888014},"slope":null,"std_dev":{"confidence_interval":{"confidence_level":0.95,"lower_bound":814041.372649395,"upper_bound":1281027.424692622},"point_estimate":1049780.7694921878,"standard_error":120258.82672051793}}