{"mean":{"confidence_interval":{"confidence_level":0.95,"lower_bound":14673304.715249998,"upper_bound":14677535.293374998},"point_estimate":14675397.5075,"standard_error":1079.9471490599897},"median":{"confidence_interval":{"confidence_level":0.95,"lower_bound":14671581.5,"upper_bound":14677706.625},"point_estimate":14674819.0,"standard_error":1556.692177818976},"median_abs_dev":{"confidence_interval":{"confidence_level":0.95,"lower_bound":9006.794840097427,"upper_bound":14456.64701834321},"point_estimate":12285.935331881046,"standard_error":1476.0751935626322},"slope":null,"std_dev":{"confidence_interval":{"confidence_level":0.95,"lower_bound":9222.01537072423,"upper_bound":12539.834817011935},"point_estimate":10872.742592680359,"standard_error":854.3055161920731}}