{"mean":{"confidence_interval":{"confidence_level":0.95,"lower_bound":14680205.5230625,"upper_bound":14683292.5104375},"point_estimate":14681726.51,"standard_error":788.5429254829398},"median":{"confidence_interval":{"confidence_level":0.95,"lower_bound":14679819.375,"upper_bound":14683269.5},"point_estimate":14681844.5,"standard_error":854.0762048655695},"median_abs_dev":{"confidence_interval":{"confidence_level":0.95,"lower_bound":5059.557735174894,"upper_bound":7728.0523627996445},"point_estimate":6265.652813762426,"standard_error":672.4836032647944},"slope":null,"std_dev":{"confidence_interval":{"confidence_level":0.95,"lower_bound":6248.876633014581,"upper_bound":9601.630724639881},"point_estimate":7898.755876088999,"standard_error":865.726194984029}}