{"mean":{"confidence_interval":{"confidence_level":0.95,"lower_bound":13522556.8854375,"upper_bound":13687806.857687501},"point_estimate":13599245.48,"standard_error":42354.564745038544},"median":{"confidence_interval":{"confidence_level":0.95,"lower_bound":13410673.5,"upper_bound":13540944.125},"point_estimate":13447248.625,"standard_error":43181.33049276287},"median_abs_dev":{"confidence_interval":{"confidence_level":0.95,"lower_bound":167526.07823956764,"upper_bound":332435.7937730849},"point_estimate":211159.1159261763,"standard_error":47432.14282368652},"slope":null,"std_dev":{"confidence_interval":{"confidence_level":0.95,"lower_bound":279779.3670731168,"upper_bound":581465.6536732782},"point_estimate":427528.69723817706,"standard_error":80816.81861044605}}