{"mean":{"confidence_interval":{"confidence_level":0.95,"lower_bound":2490464.3102125004,"upper_bound":2516048.6223624996},"point_estimate":2502731.1854999997,"standard_error":6508.3684724518525},"median":{"confidence_interval":{"confidence_level":0.95,"lower_bound":2474119.85,"upper_bound":2498269.0999999996},"point_estimate":2486712.35,"standard_error":5938.1000051964575},"median_abs_dev":{"confidence_interval":{"confidence_level":0.95,"lower_bound":34587.94543594053,"upper_bound":62795.58396903051},"point_estimate":44899.39118787626,"standard_error":7315.853573380301},"slope":null,"std_dev":{"confidence_interval":{"confidence_level":0.95,"lower_bound":50874.08942052227,"upper_bound":80916.91285728989},"point_estimate":65478.04946982612,"standard_error":7836.882256416732}}