{"mean":{"confidence_interval":{"confidence_level":0.95,"lower_bound":2695070.304710526,"upper_bound":2738686.1235657893},"point_estimate":2717350.2094736844,"standard_error":11058.789992036254},"median":{"confidence_interval":{"confidence_level":0.95,"lower_bound":2700355.0,"upper_bound":2741765.8421052634},"point_estimate":2723170.736842105,"standard_error":10920.385547590193},"median_abs_dev":{"confidence_interval":{"confidence_level":0.95,"lower_bound":61341.793595176394,"upper_bound":103810.05050963494},"point_estimate":75730.1142134166,"standard_error":11282.449848364045},"slope":null,"std_dev":{"confidence_interval":{"confidence_level":0.95,"lower_bound":91725.46419577525,"upper_bound":129713.58530900837},"point_estimate":111775.72017297591,"standard_error":9685.622725704792}}