{"mean":{"confidence_interval":{"confidence_level":0.95,"lower_bound":2553996.7350249975,"upper_bound":2554491.035999999},"point_estimate":2554240.9884999986,"standard_error":126.11925513909539},"median":{"confidence_interval":{"confidence_level":0.95,"lower_bound":2553959.1,"upper_bound":2554494.1},"point_estimate":2554236.6,"standard_error":160.17626048724892},"median_abs_dev":{"confidence_interval":{"confidence_level":0.95,"lower_bound":793.2280509175941,"upper_bound":1352.8724759820575},"point_estimate":1004.4244171676949,"standard_error":143.32692154385157},"slope":null,"std_dev":{"confidence_interval":{"confidence_level":0.95,"lower_bound":1047.8140014125674,"upper_bound":1477.3592243130752},"point_estimate":1270.755795604917,"standard_error":110.07368741860667}}