{"mean":{"confidence_interval":{"confidence_level":0.95,"lower_bound":2723739.9836111106,"upper_bound":2769216.701916668},"point_estimate":2746430.26,"standard_error":11640.879815941595},"median":{"confidence_interval":{"confidence_level":0.95,"lower_bound":2714834.8055555555,"upper_bound":2783866.472222222},"point_estimate":2737481.472222222,"standard_error":18086.980241735564},"median_abs_dev":{"confidence_interval":{"confidence_level":0.95,"lower_bound":95508.80202104642,"upper_bound":150140.0988678136},"point_estimate":116827.84834255767,"standard_error":14006.316044239267},"slope":null,"std_dev":{"confidence_interval":{"confidence_level":0.95,"lower_bound":102735.93868129273,"upper_bound":129521.13110438958},"point_estimate":117040.58489390103,"standard_error":6834.975719846722}}