{"mean":{"confidence_interval":{"confidence_level":0.95,"lower_bound":57964844.620500006,"upper_bound":58049786.34775},"point_estimate":58006841.0,"standard_error":21637.279884720378},"median":{"confidence_interval":{"confidence_level":0.95,"lower_bound":57909844.0,"upper_bound":58046146.0},"point_estimate":57969395.0,"standard_error":26337.6911911123},"median_abs_dev":{"confidence_interval":{"confidence_level":0.95,"lower_bound":167165.3709322214,"upper_bound":269983.67910683155},"point_estimate":206083.62024128437,"standard_error":25303.452192223438},"slope":null,"std_dev":{"confidence_interval":{"confidence_level":0.95,"lower_bound":187557.84760574522,"upper_bound":243133.99979316365},"point_estimate":217161.69886589862,"standard_error":14123.399183855025}}