{"mean":{"confidence_interval":{"confidence_level":0.95,"lower_bound":59798826.306,"upper_bound":60037675.12675},"point_estimate":59915098.11,"standard_error":60798.269898145736},"median":{"confidence_interval":{"confidence_level":0.95,"lower_bound":59620698.0,"upper_bound":59953876.0},"point_estimate":59748749.5,"standard_error":78608.38818228595},"median_abs_dev":{"confidence_interval":{"confidence_level":0.95,"lower_bound":385034.1783642769,"upper_bound":643102.9427826405},"point_estimate":498273.6817538738,"standard_error":64036.70703742116},"slope":null,"std_dev":{"confidence_interval":{"confidence_level":0.95,"lower_bound":502126.85037212836,"upper_bound":703054.8196908162},"point_estimate":609697.5024679655,"standard_error":51369.62609782705}}