{"mean":{"confidence_interval":{"confidence_level":0.95,"lower_bound":2562657.8615500024,"upper_bound":2563521.2235125033},"point_estimate":2563045.111000003,"standard_error":221.53243823798402},"median":{"confidence_interval":{"confidence_level":0.95,"lower_bound":2562458.025,"upper_bound":2563319.15},"point_estimate":2562939.4,"standard_error":236.8214591133971},"median_abs_dev":{"confidence_interval":{"confidence_level":0.95,"lower_bound":1167.176829278469,"upper_bound":1846.2391224726996},"point_estimate":1554.6913973987103,"standard_error":173.2847233398714},"slope":null,"std_dev":{"confidence_interval":{"confidence_level":0.95,"lower_bound":1278.6393482883268,"upper_bound":3289.468139552058},"point_estimate":2224.638202892029,"standard_error":613.5772198411587}}