{"mean":{"confidence_interval":{"confidence_level":0.95,"lower_bound":2576996.136925001,"upper_bound":2578131.260287501},"point_estimate":2577550.4630000014,"standard_error":289.68973296176335},"median":{"confidence_interval":{"confidence_level":0.95,"lower_bound":2576168.7,"upper_bound":2577665.15},"point_estimate":2576607.65,"standard_error":383.63260354500346},"median_abs_dev":{"confidence_interval":{"confidence_level":0.95,"lower_bound":1911.4790810643246,"upper_bound":3492.6469341177894},"point_estimate":2642.7344530820847,"standard_error":413.57997232123364},"slope":null,"std_dev":{"confidence_interval":{"confidence_level":0.95,"lower_bound":2413.362466365231,"upper_bound":3384.3850809123082},"point_estimate":2895.5217351050155,"standard_error":251.27943831168923}}