{"mean":{"confidence_interval":{"confidence_level":0.95,"lower_bound":2584950.604900004,"upper_bound":2585731.134537503},"point_estimate":2585318.321500002,"standard_error":199.19072490965408},"median":{"confidence_interval":{"confidence_level":0.95,"lower_bound":2584708.05,"upper_bound":2585278.05},"point_estimate":2585103.2249999996,"standard_error":129.49714408472653},"median_abs_dev":{"confidence_interval":{"confidence_level":0.95,"lower_bound":926.624983549118,"upper_bound":1427.2619296611047},"point_estimate":1160.3939343986133,"standard_error":126.3296195516365},"slope":null,"std_dev":{"confidence_interval":{"confidence_level":0.95,"lower_bound":1366.673530285911,"upper_bound":2575.703252018097},"point_estimate":1997.5678218376468,"standard_error":311.29801535297787}}