{"mean":{"confidence_interval":{"confidence_level":0.95,"lower_bound":2782737.964157897,"upper_bound":2824972.228118422},"point_estimate":2804055.5110526313,"standard_error":10755.289900305394},"median":{"confidence_interval":{"confidence_level":0.95,"lower_bound":2787160.5789473685,"upper_bound":2869197.6842105263},"point_estimate":2821681.5789473685,"standard_error":21889.81370521724},"median_abs_dev":{"confidence_interval":{"confidence_level":0.95,"lower_bound":63217.19477635456,"upper_bound":139146.8064717555},"point_estimate":100372.25231277317,"standard_error":20282.255614062055},"slope":null,"std_dev":{"confidence_interval":{"confidence_level":0.95,"lower_bound":94944.40445699736,"upper_bound":121321.06819776101},"point_estimate":108703.57457482706,"standard_error":6701.390690259562}}