{"mean":{"confidence_interval":{"confidence_level":0.95,"lower_bound":0.11365377164876075,"upper_bound":0.1143224232377722},"point_estimate":0.11398969966632566,"standard_error":0.00017070388565771207},"median":{"confidence_interval":{"confidence_level":0.95,"lower_bound":0.11349190494561401,"upper_bound":0.11438535390388371},"point_estimate":0.11381610826516186,"standard_error":0.000218512469924715}}