{"mean":{"confidence_interval":{"confidence_level":0.95,"lower_bound":-0.07363621777390704,"upper_bound":-0.05805235998497149},"point_estimate":-0.06599227099980998,"standard_error":0.003979526924344275},"median":{"confidence_interval":{"confidence_level":0.95,"lower_bound":-0.07889493372963005,"upper_bound":-0.05520649665046562},"point_estimate":-0.06320609800575705,"standard_error":0.0062023267780168525}}