{"mean":{"confidence_interval":{"confidence_level":0.95,"lower_bound":0.02876373929013866,"upper_bound":0.039301389908195},"point_estimate":0.034186609211450225,"standard_error":0.002683721812231432},"median":{"confidence_interval":{"confidence_level":0.95,"lower_bound":0.03595031888351107,"upper_bound":0.04586302680526977},"point_estimate":0.04057792410127381,"standard_error":0.002486348552401269}}