{"mean":{"confidence_interval":{"confidence_level":0.95,"lower_bound":0.006631371011814251,"upper_bound":0.024449109871368748},"point_estimate":0.016360424620978753,"standard_error":0.004178037707504569},"median":{"confidence_interval":{"confidence_level":0.95,"lower_bound":0.010047873054566336,"upper_bound":0.025586756639149},"point_estimate":0.018774102734790965,"standard_error":0.0038264332878904708}}