{"mean":{"confidence_interval":{"confidence_level":0.95,"lower_bound":0.0188064943889387,"upper_bound":0.019549713775096057},"point_estimate":0.019143755706746868,"standard_error":0.0001902684284620467},"median":{"confidence_interval":{"confidence_level":0.95,"lower_bound":0.018600623312377662,"upper_bound":0.018940808531974662},"point_estimate":0.01876585160513322,"standard_error":0.00008903855556072017}}