{"mean":{"confidence_interval":{"confidence_level":0.95,"lower_bound":-0.043486402264061766,"upper_bound":-0.03402546727689775},"point_estimate":-0.03857173127852498,"standard_error":0.0025008319964088745},"median":{"confidence_interval":{"confidence_level":0.95,"lower_bound":-0.04936332016079703,"upper_bound":-0.04095422341254058},"point_estimate":-0.04436939871728729,"standard_error":0.0022911009330458063}}