{"mean":{"confidence_interval":{"confidence_level":0.95,"lower_bound":-0.10892134234188751,"upper_bound":-0.09297531929821731},"point_estimate":-0.10160230423454675,"standard_error":0.003924603009200042},"median":{"confidence_interval":{"confidence_level":0.95,"lower_bound":-0.11464453006435138,"upper_bound":-0.09045140411209396},"point_estimate":-0.1063116910224372,"standard_error":0.006287912390568964}}