{"mean":{"confidence_interval":{"confidence_level":0.95,"lower_bound":0.17966555521799377,"upper_bound":0.18758300423470783},"point_estimate":0.18366047283460696,"standard_error":0.001960832780292924},"median":{"confidence_interval":{"confidence_level":0.95,"lower_bound":0.180955871612402,"upper_bound":0.19212006698565753},"point_estimate":0.18607256707511688,"standard_error":0.0031256926263097725}}