{"mean":{"confidence_interval":{"confidence_level":0.95,"lower_bound":0.041898220217727156,"upper_bound":0.04261610137655247},"point_estimate":0.042266602738987746,"standard_error":0.00018236130519007514},"median":{"confidence_interval":{"confidence_level":0.95,"lower_bound":0.042148602316148365,"upper_bound":0.04264534336696202},"point_estimate":0.04232158461278468,"standard_error":0.00012568303101939782}}