{"mean":{"confidence_interval":{"confidence_level":0.95,"lower_bound":-0.06736496228045871,"upper_bound":-0.05233845028531771},"point_estimate":-0.06002510107273884,"standard_error":0.0038430504441492484},"median":{"confidence_interval":{"confidence_level":0.95,"lower_bound":-0.06838630754889419,"upper_bound":-0.05412192100668245},"point_estimate":-0.062035822637403815,"standard_error":0.0037749210024455196}}