{"mean":{"confidence_interval":{"confidence_level":0.95,"lower_bound":7141916.3159374995,"upper_bound":7143016.50878125},"point_estimate":7142443.96,"standard_error":279.9388778627633},"median":{"confidence_interval":{"confidence_level":0.95,"lower_bound":7141461.625,"upper_bound":7142373.75},"point_estimate":7141899.1875,"standard_error":249.81361155291094},"median_abs_dev":{"confidence_interval":{"confidence_level":0.95,"lower_bound":1519.6649730205536,"upper_bound":2390.6924575567245},"point_estimate":1983.3481147885323,"standard_error":227.9827507694749},"slope":null,"std_dev":{"confidence_interval":{"confidence_level":0.95,"lower_bound":2043.2071426014973,"upper_bound":3570.151131408189},"point_estimate":2813.716979963219,"standard_error":393.9529391701552}}