{"mean":{"confidence_interval":{"confidence_level":0.95,"lower_bound":7141326.270892859,"upper_bound":7148101.2997857155},"point_estimate":7143756.065714287,"standard_error":1996.8874234525163},"median":{"confidence_interval":{"confidence_level":0.95,"lower_bound":7140716.0,"upper_bound":7141573.0},"point_estimate":7141158.714285715,"standard_error":255.00780356705312},"median_abs_dev":{"confidence_interval":{"confidence_level":0.95,"lower_bound":1451.041774238563,"upper_bound":2467.469956193257},"point_estimate":2012.099964278578,"standard_error":267.0376190226835},"slope":null,"std_dev":{"confidence_interval":{"confidence_level":0.95,"lower_bound":2375.2745791919647,"upper_bound":33969.4012479002},"point_estimate":19963.42531439469,"standard_error":11072.875504027932}}