{"mean":{"confidence_interval":{"confidence_level":0.95,"lower_bound":7137319.3986875,"upper_bound":7138823.979718749},"point_estimate":7137901.52875,"standard_error":402.68423882782673},"median":{"confidence_interval":{"confidence_level":0.95,"lower_bound":7137011.5,"upper_bound":7137456.875},"point_estimate":7137261.5625,"standard_error":104.61396708868767},"median_abs_dev":{"confidence_interval":{"confidence_level":0.95,"lower_bound":715.8177997916937,"upper_bound":1185.9873164445162},"point_estimate":982.2224825620651,"standard_error":118.15912325614654},"slope":null,"std_dev":{"confidence_interval":{"confidence_level":0.95,"lower_bound":1121.5130058503744,"upper_bound":6713.807328483548},"point_estimate":4049.217143904434,"standard_error":1874.6589191592846}}