{"mean":{"confidence_interval":{"confidence_level":0.95,"lower_bound":0.014351917547840176,"upper_bound":0.02662728307786682},"point_estimate":0.020708025740895142,"standard_error":0.0031455528871596927},"median":{"confidence_interval":{"confidence_level":0.95,"lower_bound":0.022534809653798282,"upper_bound":0.03649061794138042},"point_estimate":0.031731260132944916,"standard_error":0.003477582460439907}}