{"mean":{"confidence_interval":{"confidence_level":0.95,"lower_bound":-0.06149568488923829,"upper_bound":-0.04583539990131977},"point_estimate":-0.053600009745704114,"standard_error":0.004001568312011568},"median":{"confidence_interval":{"confidence_level":0.95,"lower_bound":-0.061628635911327945,"upper_bound":-0.039548497815128585},"point_estimate":-0.05125561156529301,"standard_error":0.005738029779483853}}