{"mean":{"confidence_interval":{"confidence_level":0.95,"lower_bound":0.006140797180423557,"upper_bound":0.0067300539914414426},"point_estimate":0.006442347584795893,"standard_error":0.00015061010812065576},"median":{"confidence_interval":{"confidence_level":0.95,"lower_bound":0.00618117049974809,"upper_bound":0.0068548520837059534},"point_estimate":0.006598870417853453,"standard_error":0.00016348724813761124}}