{"mean":{"confidence_interval":{"confidence_level":0.95,"lower_bound":-0.11328474180041989,"upper_bound":-0.09811962100589951},"point_estimate":-0.10486097286158647,"standard_error":0.0037463778058240346},"median":{"confidence_interval":{"confidence_level":0.95,"lower_bound":-0.11965052194734416,"upper_bound":-0.09932649301913399},"point_estimate":-0.10863707305056425,"standard_error":0.0053438273865242065}}