{"mean":{"confidence_interval":{"confidence_level":0.95,"lower_bound":-0.047193672151911004,"upper_bound":-0.034655494189796694},"point_estimate":-0.04109235055346849,"standard_error":0.0031216482070819448},"median":{"confidence_interval":{"confidence_level":0.95,"lower_bound":-0.05450807429719062,"upper_bound":-0.0388285432479194},"point_estimate":-0.049443086991719065,"standard_error":0.003558696060165186}}