{"mean":{"confidence_interval":{"confidence_level":0.95,"lower_bound":-0.09280736935255042,"upper_bound":-0.07904260764540498},"point_estimate":-0.08595065222590903,"standard_error":0.003515190213601206},"median":{"confidence_interval":{"confidence_level":0.95,"lower_bound":-0.10669727468652179,"upper_bound":-0.08138006989470647},"point_estimate":-0.09169786586759121,"standard_error":0.007026830414940878}}