{"mean":{"confidence_interval":{"confidence_level":0.95,"lower_bound":0.1733611280113074,"upper_bound":0.17944218850081878},"point_estimate":0.17686848507896014,"standard_error":0.0014698645060876028},"median":{"confidence_interval":{"confidence_level":0.95,"lower_bound":0.17264724748603702,"upper_bound":0.18200368062662542},"point_estimate":0.17860048384130045,"standard_error":0.002371017974957042}}