{"mean":{"confidence_interval":{"confidence_level":0.95,"lower_bound":0.029068865105582507,"upper_bound":0.03130520417878528},"point_estimate":0.030028335286435004,"standard_error":0.0005888406089625267},"median":{"confidence_interval":{"confidence_level":0.95,"lower_bound":0.027706443743796383,"upper_bound":0.02851734799076655},"point_estimate":0.02805278969920244,"standard_error":0.00021423731260075246}}