{"mean":{"confidence_interval":{"confidence_level":0.95,"lower_bound":0.07339919886333712,"upper_bound":0.08865691459825883},"point_estimate":0.08091247287684067,"standard_error":0.0039135920711469135},"median":{"confidence_interval":{"confidence_level":0.95,"lower_bound":0.07666608773862937,"upper_bound":0.10649727628585759},"point_estimate":0.08793581076948143,"standard_error":0.008586085432324532}}