{"mean":{"confidence_interval":{"confidence_level":0.95,"lower_bound":0.10014464649427277,"upper_bound":0.10065612818744163},"point_estimate":0.10039969385043124,"standard_error":0.00013140307448043835},"median":{"confidence_interval":{"confidence_level":0.95,"lower_bound":0.10018803490462047,"upper_bound":0.10072033827103197},"point_estimate":0.10049032655480339,"standard_error":0.00013989213078191256}}