{"mean":{"confidence_interval":{"confidence_level":0.95,"lower_bound":56270843.62675,"upper_bound":56699689.734749995},"point_estimate":56487404.64,"standard_error":109444.45113542257},"median":{"confidence_interval":{"confidence_level":0.95,"lower_bound":56110706.0,"upper_bound":56887810.0},"point_estimate":56616409.0,"standard_error":195724.84682240093},"median_abs_dev":{"confidence_interval":{"confidence_level":0.95,"lower_bound":1015735.172367096,"upper_bound":1480161.8380218744},"point_estimate":1273115.2690976858,"standard_error":116268.76875604967},"slope":null,"std_dev":{"confidence_interval":{"confidence_level":0.95,"lower_bound":962991.4972437138,"upper_bound":1218545.0529224447},"point_estimate":1097022.682052577,"standard_error":65053.14124047416}}