{"mean":{"confidence_interval":{"confidence_level":0.95,"lower_bound":43220875.609125,"upper_bound":43375033.12975},"point_estimate":43293583.38,"standard_error":39355.66834022394},"median":{"confidence_interval":{"confidence_level":0.95,"lower_bound":43155854.5,"upper_bound":43274856.75},"point_estimate":43210330.5,"standard_error":30398.35737143252},"median_abs_dev":{"confidence_interval":{"confidence_level":0.95,"lower_bound":229707.368221879,"upper_bound":359379.2684197426},"point_estimate":292300.1445606351,"standard_error":33295.17255508159},"slope":null,"std_dev":{"confidence_interval":{"confidence_level":0.95,"lower_bound":277401.88819619344,"upper_bound":517717.6454815677},"point_estimate":395969.44316110905,"standard_error":63279.89995784523}}