{"mean":{"confidence_interval":{"confidence_level":0.95,"lower_bound":48271868.831,"upper_bound":48843012.870749995},"point_estimate":48541207.03,"standard_error":145943.45656163196},"median":{"confidence_interval":{"confidence_level":0.95,"lower_bound":47844479.75,"upper_bound":48301804.5},"point_estimate":48090379.5,"standard_error":111309.95809148699},"median_abs_dev":{"confidence_interval":{"confidence_level":0.95,"lower_bound":596266.7107879001,"upper_bound":1110435.8750358224},"point_estimate":881294.8600038886,"standard_error":122677.77711605144},"slope":null,"std_dev":{"confidence_interval":{"confidence_level":0.95,"lower_bound":1014168.3288102353,"upper_bound":1903462.7719052185},"point_estimate":1465975.933920805,"standard_error":230844.01948994483}}