{"mean":{"confidence_interval":{"confidence_level":0.95,"lower_bound":50332737.37325,"upper_bound":51611156.997},"point_estimate":50964687.62,"standard_error":328520.4170685188},"median":{"confidence_interval":{"confidence_level":0.95,"lower_bound":49517117.5,"upper_bound":50898184.0},"point_estimate":50325679.5,"standard_error":341289.03500092466},"median_abs_dev":{"confidence_interval":{"confidence_level":0.95,"lower_bound":2388326.9692987204,"upper_bound":4711584.849652648},"point_estimate":3508613.6092096567,"standard_error":607602.3390126296},"slope":null,"std_dev":{"confidence_interval":{"confidence_level":0.95,"lower_bound":2942064.3302842015,"upper_bound":3575581.715861276},"point_estimate":3289662.5507237543,"standard_error":161400.52409867515}}