{"mean":{"confidence_interval":{"confidence_level":0.95,"lower_bound":2637411.82443421,"upper_bound":2643162.784039474},"point_estimate":2640009.088947369,"standard_error":1469.4685779698043},"median":{"confidence_interval":{"confidence_level":0.95,"lower_bound":2634142.236842105,"upper_bound":2635794.8947368423},"point_estimate":2634837.0,"standard_error":475.59940534877376},"median_abs_dev":{"confidence_interval":{"confidence_level":0.95,"lower_bound":2411.253778244247,"upper_bound":4666.366369787179},"point_estimate":3363.2390245008073,"standard_error":604.7652336608027},"slope":null,"std_dev":{"confidence_interval":{"confidence_level":0.95,"lower_bound":8109.9813646510165,"upper_bound":21127.30407374599},"point_estimate":14829.371041343522,"standard_error":3418.723808598368}}