{"mean":{"confidence_interval":{"confidence_level":0.95,"lower_bound":2593697.7150999983,"upper_bound":2594678.2919749985},"point_estimate":2594155.938999999,"standard_error":250.71270325788782},"median":{"confidence_interval":{"confidence_level":0.95,"lower_bound":2593365.35,"upper_bound":2594120.4},"point_estimate":2593610.35,"standard_error":195.30890826447356},"median_abs_dev":{"confidence_interval":{"confidence_level":0.95,"lower_bound":1428.1514896451047,"upper_bound":2109.1096575560946},"point_estimate":1805.065467953682,"standard_error":168.45574019522925},"slope":null,"std_dev":{"confidence_interval":{"confidence_level":0.95,"lower_bound":1715.4116916079597,"upper_bound":3413.8710235600665},"point_estimate":2511.055710129261,"standard_error":481.48657645490493}}