{"mean":{"confidence_interval":{"confidence_level":0.95,"lower_bound":2701344.3584342096,"upper_bound":2746451.3699736833},"point_estimate":2723531.79368421,"standard_error":11486.052504583988},"median":{"confidence_interval":{"confidence_level":0.95,"lower_bound":2682896.947368421,"upper_bound":2745829.3684210526},"point_estimate":2715808.052631579,"standard_error":16433.852076567102},"median_abs_dev":{"confidence_interval":{"confidence_level":0.95,"lower_bound":80294.45429554104,"upper_bound":129642.52130891145},"point_estimate":96202.75201311264,"standard_error":12777.676850306101},"slope":null,"std_dev":{"confidence_interval":{"confidence_level":0.95,"lower_bound":96979.34277240859,"upper_bound":133177.9262123584},"point_estimate":116018.03617800072,"standard_error":9276.119777686805}}