{"mean":{"confidence_interval":{"confidence_level":0.95,"lower_bound":2583616.438987498,"upper_bound":2584326.845574997},"point_estimate":2583947.7929999977,"standard_error":180.66236224404608},"median":{"confidence_interval":{"confidence_level":0.95,"lower_bound":2583462.95,"upper_bound":2584307.95},"point_estimate":2584035.45,"standard_error":228.63882536213438},"median_abs_dev":{"confidence_interval":{"confidence_level":0.95,"lower_bound":1089.7109806537628,"upper_bound":1749.4679689407349},"point_estimate":1475.186973810196,"standard_error":165.46973015537122},"slope":null,"std_dev":{"confidence_interval":{"confidence_level":0.95,"lower_bound":1217.006647315998,"upper_bound":2512.850678030831},"point_estimate":1817.7128920098799,"standard_error":371.93971405617793}}