{"mean":{"confidence_interval":{"confidence_level":0.95,"lower_bound":3035278.77992647,"upper_bound":3049745.734779411},"point_estimate":3042579.6564705875,"standard_error":3691.3607074437878},"median":{"confidence_interval":{"confidence_level":0.95,"lower_bound":3036242.117647059,"upper_bound":3057662.8235294116},"point_estimate":3046803.911764706,"standard_error":6193.083690933424},"median_abs_dev":{"confidence_interval":{"confidence_level":0.95,"lower_bound":29952.967268228876,"upper_bound":47160.02365288928},"point_estimate":38207.69146873662,"standard_error":4253.293639906175},"slope":null,"std_dev":{"confidence_interval":{"confidence_level":0.95,"lower_bound":31495.210451490897,"upper_bound":42395.63938029394},"point_estimate":37017.976147348,"standard_error":2791.120287430116}}