{"mean":{"confidence_interval":{"confidence_level":0.95,"lower_bound":2516766.8671999993,"upper_bound":2547564.916099999},"point_estimate":2531524.9100000006,"standard_error":7875.62320648103},"median":{"confidence_interval":{"confidence_level":0.95,"lower_bound":2493117.55,"upper_bound":2527105.0},"point_estimate":2504562.525,"standard_error":8568.464624992519},"median_abs_dev":{"confidence_interval":{"confidence_level":0.95,"lower_bound":41657.27863043505,"upper_bound":73407.19413176159},"point_estimate":55527.0013841986,"standard_error":7505.866776237442},"slope":null,"std_dev":{"confidence_interval":{"confidence_level":0.95,"lower_bound":60549.592710349214,"upper_bound":95457.01331040022},"point_estimate":79149.51508085059,"standard_error":8970.778958729576}}